Id in EU,id,Id di Riccardo,In zotero,EU selection,Title of the scientific publication,abstract,doi link,DOI,Year of publication,Type of scientific publication,Issue,Ack,Open access,Open Access Fee,Fee corrisposta da,container,Publisher,Authors,ISSN or eSSN,Title of the journal or equivalent,"Number, date",Place of publication,Relevant pages,Joint Public / Private publication,Peer-review,Research line
1,24,GMG2019,TRUE,TRUE,Factual and Counterfactual Explanations for Black Box Decision Making,"The rise of sophisticated machine learning models has brought accurate but obscure decision systems, which hide their logic, thus undermining transparency, trust, and the adoption of artificial intelligence (AI) in socially sensitive and safety-critical contexts. We introduce a local rule-based explanation method, providing faithful explanations of the decision made by a black box classifier on a specific instance. The proposed method first learns an interpretable, local classifier on a synthetic neighborhood of the instance under investigation, generated by a genetic algorithm. Then, it derives from the interpretable classifier an explanation consisting of a decision rule, explaining the factual reasons of the decision, and a set of counterfactuals, suggesting the changes in the instance features that would lead to a different outcome. Experimental results show that the proposed method outperforms existing approaches in terms of the quality of the explanations and of the accuracy in mimicking the black box.",https://dx.doi.org/10.1109/mis.2019.2957223,10.1109/MIS.2019.2957223,2021,journal-article,"ack ok, OA ok",TRUE,Gold,,,IEEE Intelligent Systems,Institute of Electrical and Electronics Engineers (IEEE),"Guidotti Riccardo, Monreale Anna, Giannotti Fosca, Pedreschi Dino, Ruggieri Salvatore, Turini Franco",1541-1672,IEEE Intelligent Systems,34(6) 03 December 2019,,14-23,NO,,"1,4"
2,23,SGM2021,TRUE,TRUE,GLocalX - From Local to Global Explanations of Black Box AI Models,"Artificial Intelligence (AI) has come to prominence as one of the major components of our society, with applications in most aspects of our lives. In this field, complex and highly nonlinear machine learning models such as ensemble models, deep neural networks, and Support Vector Machines have consistently shown remarkable accuracy in solving complex tasks. Although accurate, AI models often are “black boxes” which we are not able to understand. Relying on these models has a multifaceted impact and raises significant concerns about their transparency. Applications in sensitive and critical domains are a strong motivational factor in trying to understand the behavior of black boxes. We propose to address this issue by providing an interpretable layer on top of black box models by aggregating “local” explanations. We present GLocalX, a “local-first” model agnostic explanation method. Starting from local explanations expressed in form of local decision rules, GLocalX iteratively generalizes them into global explanations by hierarchically aggregating them. Our goal is to learn accurate yet simple interpretable models to emulate the given black box, and, if possible, replace it entirely. We validate GLocalX in a set of experiments in standard and constrained settings with limited or no access to either data or local explanations. Experiments show that GLocalX is able to accurately emulate several models with simple and small models, reaching state-of-the-art performance against natively global solutions. Our findings show how it is often possible to achieve a high level of both accuracy and comprehensibility of classification models, even in complex domains with high-dimensional data, without necessarily trading one property for the other. This is a key requirement for a trustworthy AI, necessary for adoption in high-stakes decision making applications.",https://dx.doi.org/10.1016/j.artint.2021.103457,10.1016/j.artint.2021.103457,2021,journal-article,"ack ok, OA ok",TRUE,Gold,,,Artificial Intelligence,Elsevier BV,"Setzu Mattia, Guidotti Riccardo, Monreale Anna, Turini Franco, Pedreschi Dino, Giannotti Fosca",0004-3702,Artificial Intelligence,29 May 2021,,,NO,YES,"1,4"
3,35,GMS2020,TRUE,TRUE,Explaining Any Time Series Classifier,"We present a method to explain the decisions of black box models for time series classification. The explanation consists of factual and counterfactual shapelet-based rules revealing the reasons for the classification, and of a set of exemplars and counter-exemplars highlighting similarities and differences with the time series under analysis. The proposed method first generates exemplar and counter-exemplar time series in the latent feature space and learns a local latent decision tree classifier. Then, it selects and decodes those respecting the decision rules explaining the decision. Finally, it learns on them a shapelet-tree that reveals the parts of the time series that must, and must not, be contained for getting the returned outcome from the black box. A wide experimentation shows that the proposed method provides faithful, meaningful and interpretable explanations.",https://dx.doi.org/10.1109/cogmi50398.2020.00029,10.1109/CogMI50398.2020.00029,2020,proceedings-article,"ack ok, no OA",TRUE,NO,,,2020 IEEE Second International Conference on Cognitive Machine Intelligence (CogMI),IEEE,"Guidotti Riccardo, Monreale Anna, Spinnato Francesco, Pedreschi Dino, Giannotti Fosca",,,2020,,,,,1
4,18,NPN2020,TRUE,FALSE,Prediction and Explanation of Privacy Risk on Mobility Data with Neural Networks,"The analysis of privacy risk for mobility data is a fundamental part of any privacy-aware process based on such data. Mobility data are highly sensitive. Therefore, the correct identification of the privacy risk before releasing the data to the public is of utmost importance. However, existing privacy risk assessment frameworks have high computational complexity. To tackle these issues, some recent work proposed a solution based on classification approaches to predict privacy risk using mobility features extracted from the data. In this paper, we propose an improvement of this approach by applying long short-term memory (LSTM) neural networks to predict the privacy risk directly from original mobility data. We empirically evaluate privacy risk on real data by applying our LSTM-based approach. Results show that our proposed method based on a LSTM network is effective in predicting the privacy risk with results in terms of F1 of up to 0.91. Moreover, to explain the predictions of our model, we employ a state-of-the-art explanation algorithm, Shap. We explore the resulting explanation, showing how it is possible to provide effective predictions while explaining them to the end-user.",https://dx.doi.org/10.1007/978-3-030-65965-3_34,10.1007/978-3-030-65965-3_34,2021,book-chapter,"ack ok, no OA",TRUE,NO,,,ECML PKDD 2020 Workshops,Springer International Publishing,"Naretto Francesca, Pellungrini Roberto, Nardini Franco Maria, Giannotti Fosca",1865-0929,ECML PKDD 2020 Workshops,02 February 2021,,,NO,YES,"4,5"
5,17,NPM2020,TRUE,FALSE,Predicting and Explaining Privacy Risk Exposure in Mobility Data,"Mobility data is a proxy of different social dynamics and its analysis enables a wide range of user services. Unfortunately, mobility data are very sensitive because the sharing of people’s whereabouts may arise serious privacy concerns. Existing frameworks for privacy risk assessment provide tools to identify and measure privacy risks, but they often (i) have high computational complexity; and (ii) are not able to provide users with a justification of the reported risks. In this paper, we propose expert, a new framework for the prediction and explanation of privacy risk on mobility data. We empirically evaluate privacy risk on real data, simulating a privacy attack with a state-of-the-art privacy risk assessment framework. We then extract individual mobility profiles from the data for predicting their risk. We compare the performance of several machine learning algorithms in order to identify the best approach for our task. Finally, we show how it is possible to explain privacy risk prediction on real data, using two algorithms: Shap, a feature importance-based method and Lore, a rule-based method. Overall, expert is able to provide a user with the privacy risk and an explanation of the risk itself. The experiments show excellent performance for the prediction task.",https://dx.doi.org/10.1007/978-3-030-61527-7_27,10.1007/978-3-030-61527-7_27,2021,book-chapter,"ack ok, no OA",TRUE,NO,,,Discovery Science,Springer International Publishing,"Naretto Francesca, Pellungrini Roberto, Monreale Anna, Nardini Franco Maria, Musolesi Mirco",0302-9743,Discovery Science Conference,19-21 October,,403-418,NO,YES,"4,5"
9,6,GM2020,TRUE,TRUE,Data-Agnostic Local Neighborhood Generation,"Synthetic data generation has been widely adopted in software testing, data privacy, imbalanced learning, machine learning explanation, etc. In such contexts, it is important to generate data samples located within “local” areas surrounding specific instances. Local synthetic data can help the learning phase of predictive models, and it is fundamental for methods explaining the local behavior of obscure classifiers. The contribution of this paper is twofold. First, we introduce a method based on generative operators allowing the synthetic neighborhood generation by applying specific perturbations on a given input instance. The key factor consists in performing a data transformation that makes applicable to any type of data, i.e., data-agnostic. Second, we design a framework for evaluating the goodness of local synthetic neighborhoods exploiting both supervised and unsupervised methodologies. A deep experimentation shows the effectiveness of the proposed method.",https://ieeexplore.ieee.org/document/9338395,10.1109/ICDM50108.2020.00122,2020,conference proceedings,"ack ok, no OA",TRUE,NO,,,2020 IEEE International Conference on Data Mining (ICDM),IEEE,"Guidotti Riccardo, Monreale Anna",2374-8486,2020 IEEE International Conference on Data Mining (ICDM),2020,,,,,1
10,7,RGG2020,,FALSE,Opening the black box: a primer for anti-discrimination,"The pervasive adoption of Artificial Intelligence (AI) models in the modern information society, requires counterbalancing the growing decision power demanded to AI models with risk assessment methodologies. In this paper, we consider the risk of discriminatory decisions and review approaches for discovering discrimination and for designing fair AI models. We highlight the tight relations between discrimination discovery and explainable AI, with the latter being a more general approach for understanding the behavior of black boxes.",https://hdl.handle.net/11568/1088440,,2020,journal-article,preprint e basta?,,NO,,,,,"Ruggieri Salvatore, Giannotti Fosca, Guidotti Riccardo, Monreale Anna, Pedreschi Dino, Turini Franco",,ANNUARIO DI DIRITTO COMPARATO E DI STUDI LEGISLATIVI,,Italy,,,,1
11,38,SMM2022,TRUE,FALSE,TriplEx: Triple Extraction for Explanation,"Transformer-based models are used to solve a variety of Natural Language Processing tasks. Still, these models are opaque and poorly understandable for their users. Current approaches to explainability focus on token importance, in which the explanation consists of a set of tokens relevant to the prediction, and natural language explanations, in which the explanation is a generated piece of text. The latter are usually learned by design with models trained end-to-end to provide a prediction and an explanation, or rely on powerful external text generators to do the heavy lifting for them. In this paper we present TriplEX, an explainability algorithm for Transformer-based models fine-tuned on Natural Language Inference, Semantic Text Similarity, or Text Classification tasks. TriplEX explains Transformers-based models by extracting a set of facts from the input data, subsuming it by abstraction, and generating a set of weighted triples as explanation.",10.1109/CogMI52975.2021.00015,10.1109/CogMI52975.2021.00015,2022,proceedings-article,"ack ok, no OA",TRUE,NO,,,Third Conference on Cognitive Machine Intelligence (COGMI) 2021,,"Setzu Mattia, Monreale Anna, Minervini Pasquale",,,2022,,,,,"1,2"
13,36,GMP2021,TRUE,FALSE,Explainable AI Within the Digital Transformation and Cyber Physical Systems: XAI Methods and Applications,"This book presents Explainable Artificial Intelligence (XAI), which aims at producing explainable models that enable human users to understand and appropriately trust the obtained results. The authors discuss the challenges involved in making machine learning-based AI explainable. Firstly, that the explanations must be adapted to different stakeholders (end-users, policy makers, industries, utilities etc.) with different levels of technical knowledge (managers, engineers, technicians, etc.) in different application domains. Secondly, that it is important to develop an evaluation framework and standards in order to measure the effectiveness of the provided explanations at the human and the technical levels. This book gathers research contributions aiming at the development and/or the use of XAI techniques in order to address the aforementioned challenges in different applications such as healthcare, finance, cybersecurity, and document summarization. It allows highlighting the benefits and requirements of using explainable models in different application domains in order to provide guidance to readers to select the most adapted models to their specified problem and conditions. Includes recent developments of the use of Explainable Artificial Intelligence (XAI) in order to address the challenges of digital transition and cyber-physical systems; Provides a textual scientific description of the use of XAI in order to address the challenges of digital transition and cyber-physical systems; Presents examples and case studies in order to increase transparency and understanding of the methodological concepts.",https://doi.org/10.1007/978-3-030-76409-8,10.1007/978-3-030-76409-8,2021,book-chapter,"ack ok, no OA",TRUE,NO,,,Explainable AI Within the Digital Transformation and Cyber Physical Systems (pp. 9-31),Springer International Publishing,"Guidotti Riccardo, Monreale Anna, Pedreschi Dino, Giannotti Fosca",,,2021,,9-31,,,"1,5"
16,25,RAB2021,TRUE,TRUE,Occlusion-Based Explanations in Deep Recurrent Models for Biomedical Signals,"The biomedical field is characterized by an ever-increasing production of sequential data, which often come in the form of biosignals capturing the time-evolution of physiological processes, such as blood pressure and brain activity. This has motivated a large body of research dealing with the development of machine learning techniques for the predictive analysis of such biosignals. Unfortunately, in high-stakes decision making, such as clinical diagnosis, the opacity of machine learning models becomes a crucial aspect to be addressed in order to increase the trust and adoption of AI technology. In this paper, we propose a model agnostic explanation method, based on occlusion, that enables the learning of the input’s influence on the model predictions. We specifically target problems involving the predictive analysis of time-series data and the models that are typically used to deal with data of such nature, i.e., recurrent neural networks. Our approach is able to provide two different kinds of explanations: one suitable for technical experts, who need to verify the quality and correctness of machine learning models, and one suited to physicians, who need to understand the rationale underlying the prediction to make aware decisions. A wide experimentation on different physiological data demonstrates the effectiveness of our approach both in classification and regression tasks.",https://dx.doi.org/10.3390/e23081064,10.3390/e23081064,2021,journal-article,"ack ok, OA ok",TRUE,Gold,,,Entropy,MDPI AG,"Resta Michele, Monreale Anna, Bacciu Davide",1099-4300,Entropy,17 August 2021,,,,,4
17,26,BGM2021,TRUE,FALSE,Deriving a Single Interpretable Model by Merging Tree-Based Classifiers,"Decision tree classifiers have been proved to be among the most interpretable models due to their intuitive structure that illustrates decision processes in form of logical rules. Unfortunately, more complex tree-based classifiers such as oblique trees and random forests overcome the accuracy of decision trees at the cost of becoming non interpretable. In this paper, we propose a method that takes as input any tree-based classifier and returns a single decision tree able to approximate its behavior. Our proposal merges tree-based classifiers by an intensional and extensional approach and applies a post-hoc explanation strategy. Our experiments shows that the retrieved single decision tree is at least as accurate as the original tree-based model, faithful, and more interpretable.",https://dx.doi.org/10.1007/978-3-030-88942-5_27,10.1007/978-3-030-88942-5_27,2021,book-chapter,"ack ok, no OA",TRUE,NO,,,Discovery Science,Springer International Publishing,"Bonsignori Valerio, Guidotti Riccardo, Monreale Anna",0302-9743,,,,,,,"1,2"
18,40,PBP2022,TRUE,TRUE,Understanding the impact of explanations on advice-taking: a user study for AI-based clinical Decision Support Systems,"The field of eXplainable Artificial Intelligence (XAI) focuses on providing explanations for AI systems' decisions. XAI applications to AI-based Clinical Decision Support Systems (DSS) should increase trust in the DSS by allowing clinicians to investigate the reasons behind its suggestions. In this paper, we present the results of a user study on the impact of advice from a clinical DSS on healthcare providers' judgment in two different cases: the case where the clinical DSS explains its suggestion and the case it does not. We examined the weight of advice, the behavioral intention to use the system, and the perceptions with quantitative and qualitative measures. Our results indicate a more significant impact of advice when an explanation for the DSS decision is provided. Additionally, through the open-ended questions, we provide some insights on how to improve the explanations in the diagnosis forecasts for healthcare assistants, nurses, and doctors.",,10.1145/3491102.3502104,2022,proceedings-article,"ack ok, OA ok",TRUE,Gold,,,2022 Conference on Human Factors in Computing Systems,,"Panigutti Cecilia, Beretta Andrea, Pedreschi Dino, Giannotti Fosca",,Proceedings of the 2022 Conference on Human Factors in Computing Systems,2022,,,,YES,4
19,21,PPB2021,TRUE,TRUE,FairLens: Auditing black-box clinical decision support systems,"Highlights: We present a pipeline to detect and explain potential fairness issues in Clinical DSS. We study and compare different multi-label classification disparity measures. We explore ICD9 bias in MIMIC-IV, an openly available ICU benchmark dataset",https://dx.doi.org/10.1016/j.ipm.2021.102657,10.1016/j.ipm.2021.102657,2021,journal-article,"ack ok, OA ok",TRUE,Gold,,,Information Processing & Management,Elsevier BV,"Panigutti Cecilia, Perotti Alan, Panisson André, Bajardi Paolo, Pedreschi Dino",0306-4573,Journal of Information Processing and Management,,,TBD,,YES,"1,4"
20,42,MG2021,TRUE,FALSE,FairShades: Fairness Auditing via Explainability in Abusive Language Detection Systems,"At every stage of a supervised learning process, harmful biases can arise and be inadvertently introduced, ultimately leading to marginalization, discrimination, and abuse towards minorities. This phenomenon becomes particularly impactful in the sensitive real-world context of abusive language detection systems, where non-discrimination is difficult to assess. In addition, given the opaqueness of their internal behavior, the dynamics leading a model to a certain decision are often not clear nor accountable, and significant problems of trust could emerge. A robust value-oriented evaluation of models' fairness is therefore necessary. In this paper, we present FairShades, a model-agnostic approach for auditing the outcomes of abusive language detection systems.  Combining explainability and fairness evaluation, FairShades can identify unintended biases and sensitive categories towards which models are most discriminative. This objective is pursued through the auditing of meaningful counterfactuals generated within CheckList framework. We conduct several experiments on BERT-based models to demonstrate our proposal's novelty and effectiveness for unmasking biases. ",https://doi.org/10.1109/CogMI52975.2021.00014,10.1109/CogMI52975.2021.00014,2021,proceedings-article,"ack ok, no OA",TRUE,NO,,,Third Conference on Cognitive Machine Intelligence (COGMI) 2021,,"Marchiori Manerba Marta, Guidotti Riccardo",,2021 IEEE Third International Conference on Cognitive Machine Intelligence (CogMI),2021,,,,,"1,5"
21,37,VMG2022,TRUE,TRUE,Understanding peace through the world news,"Peace is a principal dimension of well-being and is the way out of inequity and violence. Thus, its measurement has drawn the attention of researchers, policymakers, and peacekeepers. During the last years, novel digital data streams have drastically changed the research in this field. The current study exploits information extracted from a new digital database called Global Data on Events, Location, and Tone (GDELT) to capture peace through the Global Peace Index (GPI). Applying predictive machine learning models, we demonstrate that news media attention from GDELT can be used as a proxy for measuring GPI at a monthly level. Additionally, we use explainable AI techniques to obtain the most important variables that drive the predictions. This analysis highlights each country’s profile and provides explanations for the predictions, and particularly for the errors and the events that drive these errors. We believe that digital data exploited by researchers, policymakers, and peacekeepers, with data science tools as powerful as machine learning, could contribute to maximizing the societal benefits and minimizing the risks to peace.",https://dx.doi.org/10.1140/epjds/s13688-022-00315-z,10.1140/epjds/s13688-022-00315-z,2022,journal-article,"ack ok, OA ok",TRUE,Gold,,,EPJ Data Science,Springer Science and Business Media LLC,"Voukelatou Vasiliki, Miliou Ioanna, Giannotti Fosca, Pappalardo Luca",,EPJ Data Science,2022,,,,,4
22,8,PPP2020,TRUE,FALSE,Doctor XAI: an ontology-based approach to black-box sequential data classification explanations,"Several recent advancements in Machine Learning involve blackbox models: algorithms that do not provide human-understandable explanations in support of their decisions. This limitation hampers the fairness, accountability and transparency of these models; the field of eXplainable Artificial Intelligence (XAI) tries to solve this problem providing human-understandable explanations for black-box models. However, healthcare datasets (and the related learning tasks) often present peculiar features, such as sequential data, multi-label predictions, and links to structured background knowledge. In this paper, we introduce Doctor XAI, a model-agnostic explainability technique able to deal with multi-labeled, sequential, ontology-linked data. We focus on explaining Doctor AI, a multilabel classifier which takes as input the clinical history of a patient in order to predict the next visit. Furthermore, we show how exploiting the temporal dimension in the data and the domain knowledge encoded in the medical ontology improves the quality of the mined explanations.",https://dl.acm.org/doi/10.1145/3351095.3372855,10.1145/3351095.3372855,2020,conference proceedings,"no ack, OA ok",FALSE,NO,,,"FAT* '20: Proceedings of the 2020 Conference on Fairness, Accountability, and Transparency",,"Panigutti Cecilia, Perotti Alan, Pedreschi Dino",,"FAT* '20: Proceedings of the 2020 Conference on Fairness, Accountability, and Transparency",January 2020,,629–639,NO,YES,"1,3,4"
23,15,GMM2020,TRUE,FALSE,Explaining Image Classifiers Generating Exemplars and Counter-Exemplars from Latent Representations,"We present an approach to explain the decisions of black box image classifiers through synthetic exemplar and counter-exemplar learnt in the latent feature space. Our explanation method exploits the latent representations learned through an adversarial autoencoder for generating a synthetic neighborhood of the image for which an explanation is required. A decision tree is trained on a set of images represented in the latent space, and its decision rules are used to generate exemplar images showing how the original image can be modified to stay within its class. Counterfactual rules are used to generate counter-exemplars showing how the original image can “morph” into another class. The explanation also comprehends a saliency map highlighting the areas that contribute to its classification, and areas that push it into another class. A wide and deep experimental evaluation proves that the proposed method outperforms existing explainers in terms of fidelity, relevance, coherence, and stability, besides providing the most useful and interpretable explanations.",https://dx.doi.org/10.1609/aaai.v34i09.7116,10.1609/aaai.v34i09.7116,2021,journal-article,"no ack, OA ok",FALSE,NO,,,Proceedings of the AAAI Conference on Artificial Intelligence,Association for the Advancement of Artificial Intelligence (AAAI),"Guidotti Riccardo, Monreale Anna, Matwin Stan, Pedreschi Dino",2374-3468,,"Vol. 34 No. 09: Issue 9, 2020-04-03",,13665-13668,NO,YES,"1,4"
24,29,MGY2021,TRUE,FALSE,"Exemplars and Counterexemplars Explanations for Image Classifiers, Targeting Skin Lesion Labeling","Explainable AI consists in developing mechanisms allowing for an interaction between decision systems and humans by making the decisions of the formers understandable. This is particularly important in sensitive contexts like in the medical domain. We propose a use case study, for skin lesion diagnosis, illustrating how it is possible to provide the practitioner with explanations on the decisions of a state of the art deep neural network classifier trained to characterize skin lesions from examples. Our framework consists of a trained classifier onto which an explanation module operates. The latter is able to offer the practitioner exemplars and counterexemplars for the classification diagnosis thus allowing the physician to interact with the automatic diagnosis system. The exemplars are generated via an adversarial autoencoder. We illustrate the behavior of the system on representative examples.",https://dx.doi.org/10.1109/iscc53001.2021.9631485,10.1109/ISCC53001.2021.9631485,2021,proceedings-article,"no, ack, no OA",FALSE,NO,,,2021 IEEE Symposium on Computers and Communications (ISCC),IEEE,"Metta Carlo, Guidotti Riccardo, Yin Yuan, Gallinari Patrick, Rinzivillo Salvatore",,2021 IEEE Symposium on Computers and Communications (ISCC),,,,,,1
25,11,LGR2020,TRUE,FALSE,Explaining Sentiment Classification with Synthetic Exemplars and Counter-Exemplars,"We present xspells, a model-agnostic local approach for explaining the decisions of a black box model for sentiment classification of short texts. The explanations provided consist of a set of exemplar sentences and a set of counter-exemplar sentences. The former are examples classified by the black box with the same label as the text to explain. The latter are examples classified with a different label (a form of counter-factuals). Both are close in meaning to the text to explain, and both are meaningful sentences – albeit they are synthetically generated. xspells generates neighbors of the text to explain in a latent space using Variational Autoencoders for encoding text and decoding latent instances. A decision tree is learned from randomly generated neighbors, and used to drive the selection of the exemplars and counter-exemplars. We report experiments on two datasets showing that xspells outperforms the well-known lime method in terms of quality of explanations, fidelity, and usefulness, and that is comparable to it in terms of stability.",https://dx.doi.org/10.1007/978-3-030-61527-7_24,10.1007/978-3-030-61527-7_24,2021,book-chapter,"no ack, OA ok",FALSE,NO,,,Discovery Science,Springer International Publishing,"Lampridis Orestis, Guidotti Riccardo, Ruggieri Salvatore",0302-9743,"In International Conference on Discovery Science (pp. 357-373). Springer, Cham.",2020 October,,,,,1
26,12,G2021,TRUE,FALSE,Evaluating local explanation methods on ground truth,"Evaluating local explanation methods is a difficult task due to the lack of a shared and universally accepted definition of explanation. In the literature, one of the most common ways to assess the performance of an explanation method is to measure the fidelity of the explanation with respect to the classification of a black box model adopted by an Artificial Intelligent system for making a decision. However, this kind of evaluation only measures the degree of adherence of the local explainer in reproducing the behavior of the black box classifier with respect to the final decision. Therefore, the explanation provided by the local explainer could be different in the content even though it leads to the same decision of the AI system. In this paper, we propose an approach that allows to measure to which extent the explanations returned by local explanation methods are correct with respect to a synthetic ground truth explanation. Indeed, the proposed methodology enables the generation of synthetic transparent classifiers for which the reason for the decision taken, i.e., a synthetic ground truth explanation, is available by design. Experimental results show how the proposed approach allows to easily evaluate local explanations on the ground truth and to characterize the quality of local explanation methods.",https://dx.doi.org/10.1016/j.artint.2020.103428,10.1016/j.artint.2020.103428,2021,journal-article,no ack,FALSE,NO,,,Artificial Intelligence,Elsevier BV,Guidotti Riccardo,0004-3702,"Artificial Intelligence, 103428",,,,,,1
27,28,GR2021,,FALSE,Ensemble of Counterfactual Explainers,"In eXplainable Artificial Intelligence (XAI), several counterfactual explainers have been proposed, each focusing on some desirable properties of counterfactual instances: minimality, actionability, stability, diversity, plausibility, discriminative power. We propose an ensemble of counterfactual explainers that boosts weak explainers, which provide only a subset of such properties, to a powerful method covering all of them. The ensemble runs weak explainers on a sample of instances and of features, and it combines their results by exploiting a diversity-driven selection function. The method is model-agnostic and, through a wrapping approach based on autoencoders, it is also data-agnostic",https://pages.di.unipi.it/ruggieri/Papers/ds2021.pdf,,2021,,no ack,FALSE,NO,,,,,"Guidotti Riccardo, Ruggieri Salvatore",,,,,,,,1
28,30,GM2021,TRUE,FALSE,Designing Shapelets for Interpretable Data-Agnostic Classification,"Time series shapelets are discriminatory subsequences which are representative of a class, and their similarity to a time series can be used for successfully tackling the time series classification problem. The literature shows that Artificial Intelligence (AI) systems adopting classification models based on time series shapelets can be interpretable, more accurate, and significantly fast. Thus, in order to design a data-agnostic and interpretable classification approach, in this paper we first extend the notion of shapelets to different types of data, i.e., images, tabular and textual data. Then, based on this extended notion of shapelets we propose an interpretable data-agnostic classification method. Since the shapelets discovery can be time consuming, especially for data types more complex than time series, we exploit a notion of prototypes for finding candidate shapelets, and reducing both the time required to find a solution and the variance of shapelets. A wide experimentation on datasets of different types shows that the data-agnostic prototype-based shapelets returned by the proposed method empower an interpretable classification which is also fast, accurate, and stable. In addition, we show and we prove that shapelets can be at the basis of explainable AI methods.",https://doi.org/10.1145/3461702.3462553,10.1145/3461702.3462553,2021,proceedings-article,no ack,FALSE,NO,,,"Proceedings of the 2021 AAAI/ACM Conference on AI, Ethics, and Society",Association for Computing Machinery,"Guidotti Riccardo, Monreale Anna",,,,,,,,1
29,45,G2022,TRUE,TRUE,Counterfactual explanations and how to find them: literature review and benchmarking,"Interpretable machine learning aims at unveiling the reasons behind predictions returned by uninterpretable classifiers. One of the most valuable types of explanation consists of counterfactuals. A counterfactual explanation reveals what should have been different in an instance to observe a diverse outcome. For instance, a bank customer asks for a loan that is rejected. The counterfactual explanation consists of what should have been different for the customer in order to have the loan accepted. Recently, there has been an explosion of proposals for counterfactual explainers. The aim of this work is to survey the most recent explainers returning counterfactual explanations. We categorize explainers based on the approach adopted to return the counterfactuals, and we label them according to characteristics of the method and properties of the counterfactuals returned. In addition, we visually compare the explanations, and we report quantitative benchmarking assessing minimality, actionability, stability, diversity, discriminative power, and running time. The results make evident that the current state of the art does not provide a counterfactual explainer able to guarantee all these properties simultaneously.",https://doi.org/10.1007/s10618-022-00831-6,10.1007/s10618-022-00831-6,2022,journal-article,"ack ok, OA ok",TRUE,Gold,,UNIPI (probabilmente abbonamento),Data Mining and Knowledge Discovery,Kluwer Academic Publishers,Riccardo Guidotti,1384-5810,Data Mining and Knowledge Discovery,2022,Netherlands,,,,1
30,46,TSS2022,TRUE,TRUE,"Explainable AI for Time Series Classification: A Review, Taxonomy and Research Directions","Time series data is increasingly used in a wide range of fields, and it is often relied on in crucial applications and high-stakes decision-making. For instance, sensors generate time series data to recognize different types of anomalies through automatic decision-making systems. Typically, these systems are realized with machine learning models that achieve top-tier performance on time series classification tasks. Unfortunately, the logic behind their prediction is opaque and hard to understand from a human standpoint. Recently, we observed a consistent increase in the development of explanation methods for time series classification justifying the need to structure and review the field. In this work, we (a) present the first extensive literature review on Explainable AI (XAI) for time series classification, (b) categorize the research field through a taxonomy subdividing the methods into time points-based, subsequences-based and instance-based, and (c) identify open research directions regarding the type of explanations and the evaluation of explanations and interpretability.",https://doi.org/10.1109%2Faccess.2022.3207765,10.1109/access.2022.3207765,2022,journal-article,"ack ok, OA ok",TRUE,Gold,,UNIPI (probabilmente abbonamento),IEEE Access,IEEE,"Andreas Theissler, Francesco Spinnato, Udo Schlegel, Riccardo Guidotti",2169-3536,IEEE Access ( Volume: 10),2022,"	
New York, USA",100700 - 100724,,,1
31,47,MGY2021b,TRUE,,Exemplars and Counterexemplars Explanations for Skin Lesion Classifiers,Explainable AI consists in developing models allowing interaction between decision systems and humans by making the decisions understandable. We propose a case study for skin lesion diagnosis showing how it is possible to provide explanations of the decisions of deep neural network trained to label skin lesions.,https://ebooks.iospress.nl/volumearticle/60877,10.3233/FAIA220209,2021,proceedings-article,"No Ack XAI, togliere? sembra il lavoro id in eu 75",,NO,,,IOS Press,IOS Press,"Carlo Metta, Riccardo Guidotti, Yuan Yin, Patrick Gallinari, Salvatore Rinzivillo",,"HHAI2022: Augmenting Human Intellect, S. Schlobach et al. (Eds.)",2022,"Amsterdam, the Netherlands",258 - 260,,,1
32,50,NMG2022,TRUE,TRUE,Privacy Risk of Global Explainers,"In this paper we propose to study a methodology that enables the evaluation of the privacy risk exposure of global explainers based on an interpretable classifier that imitates the global reasoning of a black-box classifier. The idea is to verify if the layer of interpretability added by the interpretable model can jeopardize the privacy protection of the training data used for learning the black-box classifier. In order to address this problem, we exploit a well-known attack model called membership inference attack (MIA). We then compute the privacy risk change ΔR due to the introduction of the global explainer c. The preliminary experimental results suggest that global explainers based on decision trees introduce a higher risk of privacy, increasing the percentage of records identified as members of the training dataset used to train the original black-box classifiers. These results suggest that in order to provide Trustworthy AI, it becomes fundamental to consider the relationship between different ethical values to identify possible values like transparency and privacy that may be in contrast, and studying solutions that enable the simultaneous satisfaction of more than one value.",https://doi.org/10.3233/FAIA220206,10.3233/FAIA220206,2022,proceedings-article,"ack ok, OA ok",TRUE,Gold,,,Proceedings of the First International Conference on Hybrid Human-Artificial Intelligence,IOS Press,"Francesca Naretto, Anna Monreale, Fosca Giannotti",,Frontiers in Artificial Intelligence and Applications,2022,"Amsterdam, the Netherlands",249 - 251,,,5
33,52,SGN2022,TRUE,FALSE,Explaining Crash Predictions on Multivariate Time Series Data,"In Assicurazioni Generali, an automatic decision-making model is used to check real-time multivariate time series and alert if a car crash happened. In such a way, a Generali operator can call the customer to provide first assistance. The high sensitivity of the model used, combined with the fact that the model is not interpretable, might cause the operator to call customers even though a car crash did not happen but only due to a harsh deviation or the fact that the road is bumpy. Our goal is to tackle the problem of interpretability for car crash prediction and propose an eXplainable Artificial Intelligence (XAI) workflow that allows gaining insights regarding the logic behind the deep learning predictive model adopted by Generali. We reach our goal by building an interpretable alternative to the current obscure model that also reduces the training data usage and the prediction time.",https://doi.org/10.1007%2F978-3-031-18840-4_39,10.1007/978-3-031-18840-4_39,2022,proceedings-article,"ack ok, no OA",TRUE,NO,,,International Conference on Discovery Science,"Springer, Cham","Spinnato Francesco, Guidotti Riccardo, Nanni Mirco, Maccagnola Daniele, Paciello Giulia, Bencini Farina Antonio",,Discovery Science,06 November 2022,"Cham, Switzerland",556--566,,,4
34,53,FGP2022,TRUE,FALSE,Explaining Siamese Networks in Few-Shot Learning for Audio Data,"Machine learning models are not able to generalize correctly when queried on samples belonging to class distributions that were never seen during training. This is a critical issue, since real world applications might need to quickly adapt without the necessity of re-training. To overcome these limitations, few-shot learning frameworks have been proposed and their applicability has been studied widely for computer vision tasks. Siamese Networks learn pairs similarity in form of a metric that can be easily extended on new unseen classes. Unfortunately, the downside of such systems is the lack of explainability. We propose a method to explain the outcomes of Siamese Networks in the context of few-shot learning for audio data. This objective is pursued through a local perturbation-based approach that evaluates segments-weighted-average contributions to the final outcome considering the interplay between different areas of the audio spectrogram. Qualitative and quantitative results demonstrate that our method is able to show common intra-class characteristics and erroneous reliance on silent sections.",https://doi.org/10.1007/978-3-031-18840-4_36,10.1007/978-3-031-18840-4_36,2022,proceedings-article,"ack ok, no OA",TRUE,NO,,,International Conference on Discovery Science,"Springer, Cham","Fedele Andrea, Guidotti Riccardo, Pedreschi Dino",,Discovery Science,7 November 2022,"Cham, Switzerland",509--524,,,4
35,54,LSG2023,TRUE,FALSE,Geolet: An Interpretable Model for Trajectory Classification,"The large and diverse availability of mobility data enables the development of predictive models capable of recognizing various types of movements. Through a variety of GPS devices, any moving entity, animal, person, or vehicle can generate spatio-temporal trajectories. This data is used to infer migration patterns, manage traffic in large cities, and monitor the spread and impact of diseases, all critical situations that necessitate a thorough understanding of the underlying problem. Researchers, businesses, and governments use mobility data to make decisions that affect people’s lives in many ways, employing accurate but opaque deep learning models that are difficult to interpret from a human standpoint. To address these limitations, we propose Geolet, a human-interpretable machine-learning model for trajectory classification. We use discriminative sub-trajectories extracted from mobility data to turn trajectories into a simplified representation that can be used as input by any machine learning classifier. We test our approach against state-of-the-art competitors on real-world datasets. Geolet outperforms black-box models in terms of accuracy while being orders of magnitude faster than its interpretable competitors.",https://doi.org/10.1007/978-3-031-30047-9_19,10.1007/978-3-031-30047-9_19,2023,proceedings-article,"ack ok, no OA",TRUE,NO,,,International Symposium on Intelligent Data Analysis,"Springer, Cham","Landi Cristiano,Spinnato Francesco, Guidotti Riccardo, Monreale Anna, Nanni Mirco",,Proceedings of the 2023 conference Advances in Intelligent Data Analysis XXI,01 April 2023,"Cham, Switzerland",,,,1
36,55,PR2023,TRUE,TRUE,AUC-based Selective Classification,"Selective classification (or classification with a reject option) pairs a classifier with a selection function to determine whether or not a prediction should be accepted. This framework trades off coverage (probability of accepting a prediction) with predictive performance, typically measured by distributive loss functions. In many application scenarios, such as credit scoring, performance is instead measured by ranking metrics, such as the Area Under the ROC Curve (AUC). We propose a model-agnostic approach to associate a selection function to a given probabilistic binary classifier. The approach is specifically targeted at optimizing the AUC. We provide both theoretical justifications and a novel algorithm, called AUCROSS, to achieve such a goal. Experiments show that our method succeeds in trading-off coverage for AUC, improving over existing selective classification methods targeted at optimizing accuracy.",https://proceedings.mlr.press/v206/pugnana23a.html,,2023,proceedings-article,"ack ok, OA ok",TRUE,Gold,,,Proceedings of Machine Learning Research,,"Pugnana Andrea, Ruggieri Salvatore",,Proceedings of The 26th International Conference on Artificial Intelligence and Statistics,25 April 2023,,2494--2514,,,2
37,56,NMG2022b,TRUE,FALSE,Evaluating the Privacy Exposure of Interpretable Global Explainers,"In recent years we are witnessing the diffusion of AI systems based on powerful Machine Learning models which find application in many critical contexts such as medicine, financial market and credit scoring. In such a context it is particularly important to design Trustworthy AI systems while guaranteeing transparency, with respect to their decision reasoning and privacy protection. Although many works in the literature addressed the lack of transparency and the risk of privacy exposure of Machine Learning models, the privacy risks of explainers have not been appropriately studied. This paper presents a methodology for evaluating the privacy exposure raised by interpretable global explainers able to imitate the original black-box classifier. Our methodology exploits the well-known Membership Inference Attack. The experimental results highlight that global explainers based on interpretable trees lead to an increase in privacy exposure.",https://doi.org/10.1109%2Fcogmi56440.2022.00012,10.1109/cogmi56440.2022.00012,2022,proceedings-article,"ack ok, no OA",TRUE,NO,,,2022 IEEE 4th International Conference on Cognitive Machine Intelligence (CogMI),IEEE,"Naretto Francesca, Monreale Anna, Giannotti Fosca",,IEEE International Conference on Cognitive Machine Intelligence (CogMI),13 March 2023,,,,,5
38,57,MM2023,TRUE,FALSE,Investigating Debiasing Effects on Classification and Explainability,"Biases can arise and be introduced during each phase of a supervised learning pipeline, eventually leading to harm. Within the task of automatic abusive language detection, this matter becomes particularly severe since unintended bias towards sensitive topics such as gender, sexual orientation, or ethnicity can harm underrepresented groups. The role of the datasets used to train these models is crucial to address these challenges. In this contribution, we investigate whether explainability methods can expose racial dialect bias attested within a popular dataset for abusive language detection. Through preliminary experiments, we found that pure explainability techniques cannot effectively uncover biases within the dataset under analysis: the rooted stereotypes are often more implicit and complex to retrieve.",https://doi.org/10.1007/978-3-031-23618-1_32,10.1007/978-3-031-23618-1_32,2023,proceedings-article,"ack ok, no OA",TRUE,NO,,,"Machine Learning and Principles and Practice of Knowledge Discovery in Databases. ECML PKDD 2022. Communications in Computer and Information Science, vol 1752","Springer, Cham
","Marchiori Manerba Marta, Morini Virginia",,Machine Learning and Principles and Practice of Knowledge Discovery in Databases,31 January 2023,"Cham, Switzerland",,,,5
39,59,BGG2023,TRUE,TRUE,Benchmarking and survey of explanation methods for black box models,"The rise of sophisticated black-box machine learning models in Artificial Intelligence systems has prompted the need for explanation methods that reveal how these models work in an understandable way to users and decision makers. Unsurprisingly, the state-of-the-art exhibits currently a plethora of explainers providing many different types of explanations. With the aim of providing a compass for researchers and practitioners, this paper proposes a categorization of explanation methods from the perspective of the type of explanation they return, also considering the different input data formats. The paper accounts for the most representative explainers to date, also discussing similarities and discrepancies of returned explanations through their visual appearance. A companion website to the paper is provided as a continuous update to new explainers as they appear. Moreover, a subset of the most robust and widely adopted explainers, are benchmarked with respect to a repertoire of quantitative metrics.",https://doi.org/10.1007/s10618-023-00933-9,10.1007/s10618-023-00933-9,2023,Article in Journal,"ack ok, OA ok",TRUE,Gold,0,Open access funding provided by Scuola Normale Superiore within the CRUI-CARE Agreement.,"Springer Science+Business Media, LLC, part of Springer Nature",Kluwer Academic Publishers,"Francesco Bodria, Fosca Giannotti, Riccardo Guidotti, Francesca Naretto, Dino Pedreschi, Salvatore Rinzivillo",1384-5810,Data Mining and Knowledge Discovery,3 June 2023,Netherlands,,no,yes,"1,3"
40,58,MBG2023,TRUE,TRUE,Improving trust and confidence in medical skin lesion diagnosis through explainable deep learning,"A key issue in critical contexts such as medical diagnosis is the interpretability of the deep learning models adopted in decision-making systems. Research in eXplainable Artificial Intelligence (XAI) is trying to solve this issue. However, often XAI approaches are only tested on generalist classifier and do not represent realistic problems such as those of medical diagnosis. In this paper, we aim at improving the trust and confidence of users towards automatic AI decision systems in the field of medical skin lesion diagnosis by customizing an existing XAI approach for explaining an AI model able to recognize different types of skin lesions. The explanation is generated through the use of synthetic exemplar and counter-exemplar images of skin lesions and our contribution offers the practitioner a way to highlight the crucial traits responsible for the classification decision. A validation survey with domain experts, beginners, and unskilled people shows that the use of explanations improves trust and confidence in the automatic decision system. Also, an analysis of the latent space adopted by the explainer unveils that some of the most frequent skin lesion classes are distinctly separated. This phenomenon may stem from the intrinsic characteristics of each class and may help resolve common misclassifications made by human experts.",https://doi.org/10.1007/s41060-023-00401-z,10.1007/s41060-023-00401-z,2023,journal-article,"ack ok, OA ok",TRUE,Gold,2390,tramite abbonamento,Springer Nature,Spinger,"Carlo Metta, Andrea Beretta, Riccardo Guidotti, Yuan Yin, Patrick Gallinari, Salvatore Rinzivillo, Fosca Giannotti ",2364-4168,International Journal of Data Science and Analytics,21 June 2023,"Berlin/Heidelberg, Germany",,,,"1,3"
41,60,BGG2023b,TRUE,FALSE,Transparent Latent Space Counterfactual Explanations for Tabular Data,"Artificial Intelligence decision-making systems have dramatically increased their predictive performance in recent years, beating humans in many different specific tasks. However, with increased performance has come an increase in the complexity of the black-box models adopted by the AI systems, making them entirely obscure for the decision process adopted. Explainable AI is a field that seeks to make AI decisions more transparent by producing explanations. In this paper, we propose T-LACE, an approach able to retrieve post-hoc counterfactual explanations for a given pre-trained black-box model. T-LACE exploits the similarity and linearity proprieties of a custom-created transparent latent space to build reliable counterfactual explanations. We tested T-LACE on several tabular datasets and provided qualitative evaluations of the generated explanations in terms of similarity, robustness, and diversity. Comparative analysis against various state-of-the-art counterfactual explanation methods shows the higher effectiveness of our approach.",https://ieeexplore.ieee.org/document/10032407,10.1109/DSAA54385.2022.10032407,2022,proceedings-article,"ack ok, no OA",TRUE,NO,,,"Proceedings of Data Science and Advanced Analytics (DSAA), 2022 IEEE 9th International Conference",IEEE,"Bodria Francesco, Riccardo Guidotti, Fosca Giannotti, Dino Pedreschi",,"Proceedings of the 9th IEEE International Conference on Data Science and Advanced, Analytics (DSAA)",13 October 2022,"Shenzhen, China",,no,yes,1
42,61,BGG2023c,TRUE,FALSE,Interpretable Latent Space to Enable Counterfactual Explanations,"Many dimensionality reduction methods have been introduced to map a data space into one with fewer features and enhance machine learning models’ capabilities. This reduced space, called latent space, holds properties that allow researchers to understand the data better and produce better models. This work proposes an interpretable latent space that preserves the similarity of data points and supports a new way of learning a classification model that allows prediction and explanation through counterfactual examples. We demonstrate with extensive experiments the effectiveness of the latent space with respect to different metrics in comparison with several competitors, as well as the quality of the achieved counterfactual explanations.",https://doi.org/10.1007/978-3-031-18840-4_37,10.1007/978-3-031-18840-4_37,2022,proceedings-article,"ack ok, no OA",TRUE,NO,,,"Proceedings of the 25th international conference on Discovery Science (DS), 2022, Montpellier","Springer, Cham","Francesco Bodria, Riccardo Guidotti, Fosca Giannotti & Dino Pedreschi ",,Lecture Notes in Computer Science(),06 November 2022,"Montpellier, France",,no,yes,1
43,62,PBF2023,TRUE,TRUE,"Co-design of human-centered, explainable AI for clinical decision support","eXplainable AI (XAI) involves two intertwined but separate challenges: the development of techniques to extract explanations from black-box AI models and the way such explanations are presented to users, i.e., the explanation user interface. Despite its importance, the second aspect has received limited attention so far in the literature. Effective AI explanation interfaces are fundamental for allowing human decision-makers to take advantage and oversee high-risk AI systems effectively. Following an iterative design approach, we present the first cycle of prototyping-testing-redesigning of an explainable AI technique and its explanation user interface for clinical Decision Support Systems (DSS). We first present an XAI technique that meets the technical requirements of the healthcare domain: sequential, ontology-linked patient data, and multi-label classification tasks. We demonstrate its applicability to explain a clinical DSS, and we design a first prototype of an explanation user interface. Next, we test such a prototype with healthcare providers and collect their feedback with a two-fold outcome: First, we obtain evidence that explanations increase users' trust in the XAI system, and second, we obtain useful insights on the perceived deficiencies of their interaction with the system, so we can re-design a better, more human-centered explanation interface.",10.1145/3587271,10.1145/3587271,2023,Article in Journal,"ack ok, OA ok",TRUE,Gold,"725,59",,,,"Panigutti, C., Beretta, A., Fadda, D., Giannotti, F., Pedreschi, D., Perotti, A., Rinzivillo, S.",,ACM Transactions on Interactive Intelligent Systems,,,,no,Yes,"1,3"
44,63,PKP2024,TRUE,TRUE,DINE: Dimensional Interpretability of Node Embeddings,"Graphs are ubiquitous due to their flexibility in representing social and technological systems as networks of interacting elements. Graph representation learning methods, such as node embeddings, are powerful approaches to map nodes into a latent vector space, allowing their use for various graph tasks. Despite their success, only few studies have focused on explaining node embeddings locally. Moreover, global explanations of node embeddings remain unexplored, limiting interpretability and debugging potentials. We address this gap by developing human-understandable explanations for dimensions in node embeddings. Towards that, we first develop new metrics that measure the global interpretability of embedding vectors based on the marginal contribution of the embedding dimensions to predicting graph structure. We say that an embedding dimension is more interpretable if it can faithfully map to an understandable sub-structure in the input graph – like community structure. Having observed that standard node embeddings have low interpretability, we then introduce DINE (Dimension-based Interpretable Node Embedding), a novel approach that can retrofit existing node embeddings by making them more interpretable without sacrificing their task performance. We conduct extensive experiments on synthetic and real-world graphs and show that we can simultaneously learn highly interpretable node embeddings with effective performance in link prediction.",10.1109/tkde.2024.3425460,10.1109/tkde.2024.3425460,2024,Article in Journal,"ack ok, OA ok",TRUE,Gold,0,UNIPI (abbonamento),,,"Simone Piaggesi, Megha Khosla, André Panisson, Avishek Anand",,IEEE Transactions on Knowledge and Data Engineering,36,,,no,No,"1,2"
45,64,GMO2024,TRUE,TRUE,The ethical impact assessment of selling life insurance to titanic passengers,"The Artificial Intelligence Act (AIA) is a uniform legal framework to ensure that AI systems within the European Union (EU) are safe and comply with existing law on fundamental rights and constitutional values. The AIA adopts a risk-based approach with the aim of intending to regulate AI systems, especially categorised as high-risk, which have significant harmful impacts on the health, safety and fundamental rights of persons in the Union. The AIA is founded on the Ethics Guidelines of the High-Level Expert Group for Trustworthy AI, which are grounded in fundamental rights and reflect four ethical imperatives in order to ensure ethical and robust AI. While we acknowledge that ethics is not law, we advocate that the analysis of ethical risks can assist us in complying with laws, thereby facilitating the implementation of the AIA requirements. Thus, we first design an AI-driven Decision Support System for individual risk prediction in the insurance domain (categorised as high-risk by the AIA) based on the Titanic case, which is a popular benchmark dataset in machine learning. We then fulfill an ethical impact assessment of the Titanic case study, relying on the four ethical imperatives of respect for human autonomy, prevention of harm, fairness, and explicability, declared by the High-Level Expert Group for Trustworthy AI. In the context of this ethical impact assessment, we also refer to the questions in the ALTAI checklist. Our discussions regarding the ethical impact assessment in the insurance domain demonstrate that ethical principles can intersect but also create tensions (intriguingly, only in this particular context), for which there is no definitive solution. When tensions arise, which may result in unavoidable trade-offs, these trade-offs should be addressed in a rational and methodical manner, paying special attention to the context of the current case study being evaluated.",,,2024,Publication in Conference proceedings/Workshop,"ack ok, OA ok",TRUE,Gold,0,,,,"Gezici, Gizem; Mannari, Chiara; Orlandi, Lorenzo",,"HHAI-WS 2023 - Workshops at the Second International Conference on Hybrid Human-Artificial Intelligence, pp. 35–50, Munich, Germany, 26-27/06/2023",20,,,no,No,5
46,65,PMG2023,TRUE,TRUE,Explaining Socio-Demographic and Behavioral Patterns of Vaccination Against the Swine Flu (H1N1) Pandemic,"Pandemic vaccination campaigns must account for vaccine skepticism as an obstacle to overcome. Using machine learning to identify behavioral and psychological patterns in public survey datasets can provide valuable insights and inform vaccination campaigns based on empirical evidence. However, we argue that the adoption of local and global explanation methodologies can provide additional support to health practitioners by suggesting personalized communication strategies and revealing potential demographic, social, or structural barriers to vaccination requiring systemic changes. In this paper, we first implement a chain classification model for the adoption of the vaccine during the H1N1 influenza outbreak taking seasonal vaccination information into account, and then compare it with a binary classifier for vaccination to better understand the overall patterns in the data. Following that, we derive and compare global explanations using post-hoc methodologies and interpretable-by-design models. Our findings indicate that socio-demographic factors play a distinct role in the H1N1 vaccination as compared to the general vaccination. Nevertheless, medical recommendation and health insurance remain significant factors for both vaccinations. Then, we concentrated on the subpopulation of individuals who did not receive an H1N1 vaccination despite being at risk of developing severe symptoms. In an effort to assist practitioners in providing effective recommendations to patients, we present rules and counterfactuals for the selected instances based on local explanations. Finally, we raise concerns regarding gender and racial disparities in healthcare access by analysing the interaction effects of sensitive attributes on the model’s output.",10.1007/978-3-031-44067-0_31,10.1007/978-3-031-44067-0_31,2023,Chapter in a Book,"ack ok, OA ok",TRUE,Gold,285,,,,"Clara Punzi, Aleksandra Maslennikova, Gizem Gezici, Roberto Pellungrini, Fosca Giannotti",,"Communications in Computer and Information Science, Explainable Artificial Intelligence",,,,no,Yes,"1,4"
47,66,GLB2023,TRUE,FALSE,Interpretable Data Partitioning Through Tree-Based Clustering Methods,"The growing interpretable machine learning research field is mainly focusing on the explanation of supervised approaches. However, also unsupervised approaches might benefit from considering interpretability aspects. While existing clustering methods only provide the assignment of records to clusters without justifying the partitioning, we propose tree-based clustering methods that offer interpretable data partitioning through a shallow decision tree. These decision trees enable easy-to-understand explanations of cluster assignments through short and understandable split conditions. The proposed methods are evaluated through experiments on synthetic and real datasets and proved to be more effective than traditional clustering approaches and interpretable ones in terms of standard evaluation measures and runtime. Finally, a case study involving human participation demonstrates the effectiveness of the interpretable clustering trees returned by the proposed method.",10.1007/978-3-031-45275-8_33,10.1007/978-3-031-45275-8_33,2023,Chapter in a Book,"ack ok, no OA",TRUE,NO,,,,,"Riccardo Guidotti, Cristiano Landi, Andrea Beretta, Daniele Fadda, Mirco Nanni",,"Lecture Notes in Computer Science, Discovery Science",,,,no,Yes,1
48,67,CGM2023,TRUE,FALSE,Explaining Black-Boxes in Federated Learning,"Federated Learning has witnessed increasing popularity in the past few years for its ability to train Machine Learning models in critical contexts, using private data without moving them. Most of the work in the literature proposes algorithms and architectures for training neural networks, which although they present high performance in different predicting tasks and are easy to be learned with a cooperative mechanism, their predictive reasoning is obscure. Therefore, in this paper we propose a variant of SHAP, one of the most widely used explanation methods, tailored to Horizontal server-based Federated Learning. The basic idea is having the possibility to explain an instance’s prediction performed by the trained Machine Learning model as an aggregation of the explanations provided by the clients participating in the cooperation. We empirically test our proposal on two different tabular datasets, and we observe interesting and encouraging preliminary results.",10.1007/978-3-031-44067-0_8,10.1007/978-3-031-44067-0_8,2023,Chapter in a Book,"ack ok, no OA",TRUE,NO,,,,,"Luca Corbucci, Riccardo Guidotti, Anna Monreale",,"Communications in Computer and Information Science, Explainable Artificial Intelligence",,,,no,Yes,1
49,68,CMP2023,TRUE,FALSE,Semantic Enrichment of Explanations of AI Models for Healthcare,"Explaining AI-based clinical decision support systems is crucial to enhancing clinician trust in those powerful systems. Unfortunately, current explanations provided by eXplainable Artificial Intelligence techniques are not easily understandable by experts outside of AI. As a consequence, the enrichment of explanations with relevant clinical information concerning the health status of a patient is fundamental to increasing human experts’ ability to assess the reliability of AI decisions. Therefore, in this paper we propose a methodology to enable clinical reasoning by semantically enriching AI explanations. Starting with a medical AI explanation based only on the input features provided to the algorithm, our methodology leverages medical ontologies and NLP embedding techniques to link relevant information present in the patient’s clinical notes to the original explanation. Our experiments, involving a human expert, highlight promising performance in correctly identifying relevant information about the diseases of the patients.",10.1007/978-3-031-45275-8_15,10.1007/978-3-031-45275-8_15,2023,Chapter in a Book,"ack ok, no OA",TRUE,NO,,,,,"Luca Corbucci, Anna Monreale, Cecilia Panigutti, Michela Natilli, Simona Smiraglio, Dino Pedreschi",,"Lecture Notes in Computer Science, Discovery Science",,,,no,Yes,2
50,69,CNP2023,TRUE,TRUE,Effects of Route Randomization on Urban Emissions,"Routing algorithms typically suggest the fastest path or slight variation to reach a user’s desired destination. Although this suggestion at the individual level is undoubtedly advantageous for the user, from a collective point of view, the aggregation of all single suggested paths may result in an increasing impact (e.g., in terms of emissions). In this study, we use SUMO to simulate the effects of incorporating randomness into routing algorithms on emissions, their distribution, and travel time in the urban area of Milan (Italy). Our results reveal that, given the common practice of routing towards the fastest path, a certain level of randomness in routes reduces emissions and travel time. In other words, the stronger the random component in the routes, the more pronounced the benefits upon a certain threshold. Our research provides insight into the potential advantages of considering collective outcomes in routing decisions and highlights the need to explore further the relationship between route randomization and sustainability in urban transportation.",10.52825/scp.v4i.217,10.52825/scp.v4i.217,2023,Article in Journal,"ack ok, sì OA",TRUE,Gold,0,,,,"Giuliano Cornacchia, Mirco Nanni, Dino Pedreschi, Luca Pappalardo",,SUMO Conference Proceedings,4,,,no,Yes,"4,5"
51,70,SRT2023,TRUE,FALSE,Reason to Explain: Interactive Contrastive Explanations (REASONX),"Many high-performing machine learning models are not interpretable. As they are increasingly used in decision scenarios that can critically affect individuals, it is necessary to develop tools to better understand their outputs. Popular explanation methods include contrastive explanations. However, they suffer several shortcomings, among others an insufficient incorporation of background knowledge, and a lack of interactivity. While (dialogue-like) interactivity is important to better communicate an explanation, background knowledge has the potential to significantly improve their quality, e.g., by adapting the explanation to the needs of the end-user. To close this gap, we present REASONX, an explanation tool based on Constraint Logic Programming (CLP). REASONX provides interactive contrastive explanations that can be augmented by background knowledge, and allows to operate under a setting of under-specified information, leading to increased flexibility in the provided explanations. REASONX computes factual and contrastive decision rules, as well as closest contrastive examples. It provides explanations for decision trees, which can be the ML models under analysis, or global/local surrogate models of any ML model. While the core part of REASONX is built on CLP, we also provide a program layer that allows to compute the explanations via Python, making the tool accessible to a wider audience. We illustrate the capability of REASONX on a synthetic data set, and on a well-developed example in the credit domain. In both cases, we can show how REASONX can be flexibly used and tailored to the needs of the user.",10.1007/978-3-031-44064-9_22,10.1007/978-3-031-44064-9_22,2023,Chapter in a Book,"ack ok, no OA",TRUE,NO,,,,,"Laura State, Salvatore Ruggieri, Franco Turini",,"Communications in Computer and Information Science, Explainable Artificial Intelligence",,,,no,Yes,"1,3"
52,71,SGM2023,TRUE,TRUE,Understanding Any Time Series Classifier with a Subsequence-based Explainer,"The growing availability of time series data has increased the usage of classifiers for this data type. Unfortunately, state-of-the-art time series classifiers are black-box models and, therefore, not usable in critical domains such as healthcare or finance, where explainability can be a crucial requirement. This paper presents a framework to explain the predictions of any black-box classifier for univariate and multivariate time series. The provided explanation is composed of three parts. First, a saliency map highlighting the most important parts of the time series for the classification. Second, an instance-based explanation exemplifies the black-box’s decision by providing a set of prototypical and counterfactual time series. Third, a factual and counterfactual rule-based explanation, revealing the reasons for the classification through logical conditions based on subsequences that must, or must not, be contained in the time series. Experiments and benchmarks show that the proposed method provides faithful, meaningful, stable, and interpretable explanations.”",10.1145/3624480,10.1145/3624480,2023,Article in Journal,"ack ok, OA ok",TRUE,Gold,0,,,,"Francesco Spinnato, Riccardo Guidotti, Anna Monreale, Mirco Nanni, Dino Pedreschi, Fosca Giannotti",,ACM Transactions on Knowledge Discovery from Data,18,,,no,Yes,1
53,72,P2024,TRUE,TRUE,Topics in Selective Classification,"Selective classification (also known as classification with a reject option, or learning to defer) extends a classifier with a selection function (reject option/strategy) to determine whether or not a prediction should be accepted. This mechanism allows the AI system to abstain in those instances where the classifier is more uncertain about the class to predict, introducing a trade-off between performance and coverage (the percentage of cases where the classifier does not abstain). The reject option has been extensively studied from a theoretical standpoint. However, state-of-the-art practical approaches and tools are model-specific, e.g., they are tailored to Deep Neural Networks and focused/experimented mainly on image datasets. In this work I developed a model-agnostic heuristics that is able to lift any (probabilistic) classifier into a selective classifier. The approach exploits both a cross-fitting strategy and results from quantile estimation to build the selective function. The algorithm is tested on several real-world datasets, showing improvements compared to existing methodologies.",10.1609/aaai.v37i13.26925,10.1609/aaai.v37i13.26925,2024,Article in Journal,"ack ok, OA ok",TRUE,Gold,0,,,,Andrea Pugnana,,Proceedings of the AAAI Conference on Artificial Intelligence,37,,,no,Yes,"1,2"
54,73,PSG2023,TRUE,FALSE,Text to Time Series Representations: Towards Interpretable Predictive Models,"In this paper, we investigate the impact of converting text observations into time series observations to solve interpretable text classification through time series representations. By considering temporal dependencies, TSA can be used for various purposes, such as descriptive analysis, clustering, classification, and forecasting. We propose using shapelets in NLP by turning texts into time series. To perform this transformation, we design and implement TOTS, a framework to turn text to time series. TOTS exploits a range of different conversion alternatives for tokenization, feature extraction and aggregation. We formalize our Text to Time Series framework as a feature extraction and aggregation process, proposing a set of different conversion alternatives for each step. We then exploit interpretable models originally developed for time series (e.g., shapelet-based models) as interpretable text classifiers. Our experiments show promising results for classification and interpretability.",10.1007/978-3-031-45275-8_16,10.1007/978-3-031-45275-8_16,2023,Chapter in a Book,"ack ok, no OA",TRUE,NO,,,,,"Mattia Poggioli, Francesco Spinnato, Riccardo Guidotti",,"Lecture Notes in Computer Science, Discovery Science",,,,no,Yes,1
55,74,SRT2023b,TRUE,FALSE,Declarative Reasoning on Explanations Using Constraint Logic Programming,"Explaining opaque Machine Learning models is an increasingly relevant problem. Current explanation in AI methods suffer several shortcomings, among others an insufficient incorporation of background knowledge, and a lack of abstraction and interactivity with the user. We propose REASONX, an explanation method based on Constraint Logic Programming. REASONX can provide declarative, interactive explanations for decision trees, which can be the machine learning models under analysis or global or local surrogate models of any black-box model. Users can express background or common sense knowledge using linear constraints and MILP optimization over features of factual and contrastive instances, and interact with the answer constraints at different levels of abstraction through constraint projection. We present here the architecture of REASONX, which consists of a Python layer, closer to the user, and a CLP layer.",10.1007/978-3-031-43619-2_10,10.1007/978-3-031-43619-2_10,2023,Chapter in a Book,"ack ok, no OA",TRUE,NO,,,,,"Laura State, Salvatore Ruggieri, Franco Turini",,"Lecture Notes in Computer Science, Logics in Artificial Intelligence",,,,no,Yes,2
56,75,NPR2023,TRUE,TRUE,EXPHLOT: EXplainable Privacy Assessment for Human LOcation Trajectories,"Human mobility data play a crucial role in understanding mobility patterns and developing analytical services across domains such as urban planning, transportation, and public health. However, due to the sensitive nature of this data, identifying privacy risks is essential before deciding to release it publicly. Recent work has proposed using machine learning models for predicting privacy risk on raw mobility trajectories and using SHAP for risk explanation. However, applying SHAP to mobility data results in explanations of limited use both for privacy experts and end-users. In this work, we present EXPHLOT, a novel version of the Expert privacy risk prediction and explanation framework specifically tailored for human mobility data. We leverage state-of-the-art algorithms in time series classification to improve risk prediction while reducing computation time. We also devise an entropy-based mask to efficiently compute SHAP values and develop a module for interactive analysis and visualization of SHAP values over a map, empowering users with an intuitive understanding of privacy risk.",10.1007/978-3-031-45275-8_22,10.1007/978-3-031-45275-8_22,2023,Chapter in a Book,"ack ok, OA ok",TRUE,Gold,570,,,,"Francesca Naretto, Roberto Pellungrini, Salvatore Rinzivillo, Daniele Fadda",,"Lecture Notes in Computer Science, Discovery Science",,,,no,Yes,"1,3,5"
57,76,SGM2024,TRUE,TRUE,"Fast, Interpretable, and Deterministic Time Series Classification With a Bag-of-Receptive-Fields","The current trend in time series classification is to develop highly accurate algorithms by combining multiple models in ensemble hybrids, representing time series in complex feature spaces, and extracting features from different representations. As a consequence, the best time series classifiers are black-box models, not understandable for humans. Even the approaches regarded as interpretable, such as shapelet-based ones, rely on randomization to maintain efficiency, which poses challenges for interpretability. We propose the Bag-Of-Receptive-Fields (BORF), a fast, interpretable, and deterministic time series transform. Building on the Bag-Of-Patterns, we bridge the gap between convolutional operators and discretization, enhancing the Symbolic Aggregate Approximation with dilation and stride to better capture temporal patterns at multiple scales. We propose an algorithmic speedup that reduces the time complexity associated with SAX-based classifiers, enabling the more flexible BORF, represented as a sparse multivariate tensor.",10.1109/access.2024.3464743,10.1109/access.2024.3464743,2024,Article in Journal,"ack ok, OA ok",TRUE,Gold,0,,,,"Francesco Spinnato, Riccardo Guidotti, Anna Monreale, Mirco Nanni",,IEEE Access,12,,,no,Yes,1
58,77,SCG2024,TRUE,FALSE,Enhancing Echo State Networks with Gradient-based Explainability Methods,"In sequence classification problems, the readout typically receives only the final state of the reservoir. However, averaging all states can be beneficial. In this work, we assess whether a weighted average of hidden states can enhance Echo State Network performance. We propose a gradient-based explainable technique to guide the contribution of each hidden state toward the final prediction. Our approach outperforms the naive average and other baselines in time series classification, particularly on noisy data.",10.14428/esann/2024.es2024-78,10.14428/esann/2024.es2024-78,2024,Publication in Conference proceedings/Workshop,"ack ok, no OA",TRUE,Gold,0,,,,"Francesco Spinnato, Andrea Cossu, Riccardo Guidotti, Andrea Ceni, Claudio Gallicchio, Davide Bacciu",,ESANN 2024 proceesdings,,,,no,Yes,1
59,78,PBG2024,TRUE,TRUE,Counterfactual and Prototypical Explanations for Tabular Data via Interpretable Latent Space,"We evaluated the effectiveness of the created latent space by showing its capability to preserve pair-wise similarities similarly to well-known dimensionality reduction techniques. Our approach introduces a transparent latent space optimized for interpretability of both counterfactual and prototypical explanations for tabular data. The approach enables the easy extraction of local and global explanations and ensures that the latent space preserves similarity relations, enabling meaningful prototypical and counterfactual examples for any classifier.",10.1109/access.2024.3496114,10.1109/access.2024.3496114,2024,Article in Journal,"ack ok, OA ok",TRUE,Gold,?,,,,"Simone Piaggesi, Francesco Bodria, Riccardo Guidotti, Fosca Giannotti, Dino Pedreschi",,IEEE Access,12,,,no,Yes,1
60,79,TLT2024,TRUE,TRUE,Inference through innovation processes tested in the authorship attribution task,"Urn models for innovation capture fundamental empirical laws shared by several real-world processes. The so-called urn model with triggering includes, as particular cases, the urn representation of the two-parameter Poisson-Dirichlet process and the Dirichlet process, seminal in Bayesian non-parametric inference. In this work, we leverage this connection to introduce a general approach for quantifying closeness between symbolic sequences and test it within the framework of the authorship attribution problem. The method demonstrates high accuracy when compared to other related methods in different scenarios, featuring a substantial gain in computational efficiency and theoretical transparency. Beyond the practical convenience, this work demonstrates how the recently established connection between urn models and non-parametric Bayesian inference can pave the way for designing more efficient inference methods. In particular, the hybrid approach that we propose allows us to relax the exchangeability hypothesis, which can be particularly relevant for systems exhibiting complex correlation patterns and non-stationary dynamics. (arXiv)",10.1038/s42005-024-01714-6,10.1038/s42005-024-01714-6,2024,Article in Journal,"ack ok, OA ok",TRUE,Gold,0,,,,"Giulio Tani Raffaelli, Margherita Lalli, Francesca Tria",,Communications Physics,7,,,no,Yes,1
61,80,CSG2024,TRUE,TRUE,Drifting explanations in continual learning,"Continual Learning (CL) trains models on streams of data, with the aim of learning new information without forgetting previous knowledge. We study the behavior of different explanation methods in CL and propose CLEX (ContinuaL EXplanations), an evaluation protocol to robustly assess the change of explanations in Class-Incremental scenarios, where forgetting is pronounced. We observed that models with similar predictive accuracy do not generate similar explanations. (openportal.isti.cnr.it)",10.1016/j.neucom.2024.127960,10.1016/j.neucom.2024.127960,2024,Article in Journal,"ack ok, OA ok",TRUE,Gold,0,,,,"Andrea Cossu, Francesco Spinnato, Riccardo Guidotti, Davide Bacciu",,Neurocomputing,597,,,no,No,1
62,81,MSG2024,TRUE,TRUE,Social Bias Probing: Fairness Benchmarking for Language Models,"While the impact of social biases in language models has been recognized, prior methods for bias evaluation have been limited to binary association tests on small datasets, limiting our understanding of bias complexities. This paper proposes a novel framework for probing language models for social biases by assessing disparate treatment, which involves treating individuals differently according to their affiliation with a sensitive demographic group. We curate SoFa, a large-scale benchmark designed to address the limitations of existing fairness collections. SoFa expands the analysis beyond the binary comparison of stereotypical versus anti-stereotypical identities to include a diverse range of identities and stereotypes. Comparing our methodology with existing benchmarks, we reveal that biases within language models are more nuanced than acknowledged, indicating a broader scope of encoded biases than previously recognized. Benchmarking LMs on SoFa, we expose how identities expressing different religions lead to the most pronounced disparate treatments across all models. Finally, our findings indicate that real-life adversities faced by various groups such as women and people with disabilities are mirrored in the behavior of these models. (arXiv)",10.18653/v1/2024.emnlp-main.812,10.18653/v1/2024.emnlp-main.812,2024,Publication in Conference proceedings/Workshop,"ack ok, OA ok",TRUE,Gold,0,,,,"Marta Marchiori Manerba, Karolina Stanczak, Riccardo Guidotti, Isabelle Augenstein",,Proceedings of the 2024 Conference on Empirical Methods in Natural Language Processing,,,,no,No,5
63,82,CG2024,TRUE,FALSE,Causality-Aware Local Interpretable Model-Agnostic Explanations,"A main drawback of eXplainable Artificial Intelligence (XAI) approaches is the feature independence assumption, hindering the study of potential variable dependencies. This leads to approximating black box behaviors by analysing the effects on randomly generated feature values that may rarely occur in the original samples. This paper addresses this issue by integrating causal knowledge in an XAI method to enhance transparency and enable users to assess the quality of the generated explanations. Specifically, we propose a novel extension to a widely used local and model-agnostic explainer, which encodes explicit causal relationships within the data surrounding the instance being explained. Extensive experiments show that our approach overcomes the original method in terms of faithfully replicating the black-box model’s mechanism and the consistency and reliability of the generated explanations. (arXiv)",10.1007/978-3-031-63800-8_6,10.1007/978-3-031-63800-8_6,2024,Chapter in a Book,"ack ok, no OA",TRUE,NO,,,,,"Martina Cinquini, Riccardo Guidotti",,"Communications in Computer and Information Science, Explainable Artificial Intelligence",,,,no,Yes,"1,2"
64,83,LBC2024,TRUE,TRUE,Explainable Artificial Intelligence (XAI) 2.0: A manifesto of open challenges and interdisciplinary research directions,"As systems based on opaque Artificial Intelligence (AI) continue to flourish in diverse real-world applications, understanding these black box models has become paramount. In response, Explainable AI (XAI) has emerged as a field of research with practical and ethical benefits across various domains. This paper not only highlights the advancements in XAI and its application in real-world scenarios but also addresses the ongoing challenges within XAI, emphasizing the need for broader perspectives and collaborative efforts. We bring together experts from diverse fields to identify open problems, striving to synchronize research agendas and accelerate XAI in practical applications. By fostering collaborative discussion and interdisciplinary cooperation, we aim to propel XAI forward, contributing to its continued success. Our goal is to put forward a comprehensive proposal for advancing XAI. To achieve this goal, we present a manifesto of 27 open problems categorized into nine categories. These challenges encapsulate the complexities and nuances of XAI and offer a road map for future research. For each problem, we provide promising research directions in the hope of harnessing the collective intelligence of interested stakeholders.",10.1016/j.inffus.2024.102301,10.1016/j.inffus.2024.102301,2024,Article in Journal,"ack ok, OA ok",TRUE,Gold,0,,,,"Luca Longo, Mario Brcic, Federico Cabitza, Jaesik Choi, Roberto Confalonieri, Javier Del Ser, Riccardo Guidotti, Yoichi Hayashi, Francisco Herrera, Andreas Holzinger, Richard Jiang, Hassan Khosravi, Freddy Lecue, Gianclaudio Malgieri, Andrés Páez, Wojciech Samek, Johannes Schneider, Timo Speith, Simone Stumpf",,Information Fusion,106,,,no,Yes,1
65,84,CBM2024,TRUE,TRUE,An Interactive Interface for Feature Space Navigation,"In this paper, we present Feature Space Navigator, an interactive interface that allows an exploration of the decision boundary of a model. The proposal aims to provide users with an intuitive and direct way to navigate through the feature space, inspect model behavior, and perform what-if analyses via feature manipulations and visual feedback. We integrate multiple views including projections of high-dimensional data, decision boundary surfaces, and sensitivity indicators. The interface also supports real-time adjustments of feature values to observe the corresponding changes in the model predictions. Our experiments show that the system can help both novice and expert users to detect regions of uncertainty, identify influential features, and generate hypotheses for model improvement.",10.3233/faia240184,10.3233/faia240184,2024,Chapter in a Book,"ack ok, OA ok",TRUE,Gold,0,,,,"Eleonora Cappuccio, Isacco Beretta, Marta Marchiori Manerba, Salvatore Rinzivillo",,"Frontiers in Artificial Intelligence and Applications, HHAI 2024: Hybrid Human AI Systems for the Social Good",,,,no,Yes,3
66,85,CSG2024b,TRUE,FALSE,Data-Agnostic Pivotal Instances Selection for Decision-Making Models,"As decision-making processes grow increasingly complex, machine learning tools have become essential in tackling business and societal challenges. However, many methodologies rely on complex models that are difficult for experts and users to interpret. We propose a hierarchical and interpretable pivot selection model inspired by Decision Trees, selecting representative pivotal instances based on similarity. The approach is data-agnostic and can leverage pretrained networks for data transformation. Experiments across tabular, text, image, and time-series datasets show superior performance to naive and state-of-the-art instance selectors, while minimizing the number of pivots and maintaining interpretability.",10.1007/978-3-031-70341-6_22,10.1007/978-3-031-70341-6_22,2024,Chapter in a Book,"ack ok, no OA",TRUE,NO,,,,,"Alessio Cascione, Mattia Setzu, Riccardo Guidotti",,"Lecture Notes in Computer Science, Machine Learning and Knowledge Discovery in Databases. Research Track",,,,no,Yes,1
67,86,PFP2023,TRUE,TRUE,Analysis of exposome and genetic variability suggests stress as a major contributor for development of pancreatic ductal adenocarcinoma,"Background: Current knowledge on pancreatic ductal adenocarcinoma (PDAC) risk factors is limited and no study has comprehensively tested the exposome alongside genetic variability for disease susceptibility. We analyzed 347 exposure variables and a polygenic risk score in UK Biobank data (816 PDAC cases, 302,645 controls). Fifty-two associations passed Bonferroni correction. Known risk factors such as smoking, pancreatitis, diabetes, heavy alcohol use and high BMI were confirmed. Novel associations include mobile phone usage intensity and multiple stress-related lifestyle factors. PRS was associated with PDAC risk but no gene‚Äìenvironment interactions were detected. Conclusion: Stressful lifestyle and sedentary behavior may play a major role in PDAC susceptibility independently of genetics.",10.1016/j.dld.2023.10.015,10.1016/j.dld.2023.10.015,2023,Article in Journal,"ack ok, OA ok",TRUE,Gold,0,,,,"Giulia Peduzzi, Alessio Felici, Roberto Pellungrini, Francesca Giorgolo, Riccardo Farinella, Manuel Gentiluomo, Andrea Spinelli, Gabriele Capurso, Anna Monreale, Federico Canzian, Marco Calderisi, Daniele Campa",,Digestive and Liver Disease,56,,,no,Yes,5
68,87,LPP2024,TRUE,FALSE,Interpretable and Fair Mechanisms for Abstaining Classifiers,"Abstaining classifiers have the option to refrain from providing a prediction for instances that are difficult to classify. The abstention mechanism is designed to trade off the classifier‚Äôs performance on the accepted data while ensuring a minimum number of predictions. In this setting, fairness concerns often arise when the abstention mechanism reduces errors only for majority groups, increasing disparities across demographic groups. We introduce Interpretable and Fair Abstaining Classifier (IFAC), an algorithm that can reject predictions based on uncertainty and unfairness. By rejecting potentially unfair predictions, our method reduces disparities across groups of the non-rejected data. The unfairness-based rejections rely on interpretable rule-based fairness checks and situation testing, enabling transparent review and decision-making.",10.1007/978-3-031-70368-3_25,10.1007/978-3-031-70368-3_25,2024,Chapter in a Book,"ack ok, no OA",TRUE,NO,,,,,"Daphne Lenders, Andrea Pugnana, Roberto Pellungrini, Toon Calders, Dino Pedreschi, Fosca Giannotti",,"Lecture Notes in Computer Science, Machine Learning and Knowledge Discovery in Databases. Research Track",,,,no,Yes,"1,5"
69,88,SGC2024,TRUE,TRUE,Exploring Large Language Models Capabilities to Explain Decision Trees,"Decision trees are widely adopted in Machine Learning tasks due to their operation simplicity and interpretability aspects. However, following the decision process path taken by trees can be difficult in a complex scenario or in a case where a user has no familiarity with them. Prior research showed that converting outcomes to natural language is an accessible way to facilitate understanding for non-expert users in several tasks. More recently, there has been a growing effort to use Large Language Models (LLMs) as a tool for providing natural language texts. In this paper, we examine the proficiency of LLMs to explain decision tree predictions in simple terms through the generation of natural language explanations. By exploring different textual representations and prompt engineering strategies, we identify capabilities that strengthen LLMs as a competent explainer as well as highlight potential challenges and limitations, opening further research possibilities on natural language explanations for decision trees.",10.3233/faia240183,10.3233/faia240183,2024,Chapter in a Book,"ack ok, OA ok",TRUE,Gold,"0,00",,,,"Paulo Bruno Serafim, Pierluigi Crescenzi, Gizem Gezici, Eleonora Cappuccio, Salvatore Rinzivillo, Fosca Giannotti",,"Frontiers in Artificial Intelligence and Applications, HHAI 2024: Hybrid Human AI Systems for the Social Good",,,,no,No,1
70,89,FGP2024,TRUE,TRUE,Explaining Siamese networks in few-shot learning,"Siamese neural networks are widely used in few-shot learning tasks thanks to their ability to compare pairs of samples and generalize from very limited labeled data. However, their internal decision-making process remains opaque, since similarity-based representations do not provide intuitive explanations for end users. In this work, we investigate how to explain Siamese networks by attributing contribution scores to both input samples involved in the comparison. We introduce an explanation method specifically tailored to pairwise architectures, producing two synchronized saliency maps that highlight which regions of the support and query examples drive the similarity judgment. We evaluate the approach on image-based few-shot classification benchmarks, showing that the explanations highlight semantically meaningful structures and remain consistent across different evaluation episodes.",10.1007/s10994-024-06529-8,10.1007/s10994-024-06529-8,2024,Article in Journal,"ack ok, OA ok",TRUE,Gold,"0,00",,,,"Andrea Fedele, Riccardo Guidotti, Dino Pedreschi",,Machine Learning,113,,,no,No,1
71,90,MBP2024,TRUE,FALSE,A Frank System for Co-Evolutionary Hybrid Decision-Making,"Hybrid decision-making systems combine human judgment with algorithmic recommendations, yet coordinating these two sources of information remains challenging. We present FRANK, a co-evolutionary framework enabling humans and AI agents to iteratively exchange feedback and refine decisions over time. FRANK integrates rule-based reasoning, preference modeling, and a learning module that adapts recommendations based on user interaction. Through simulated and real-user experiments, we show that the co-evolution process helps users converge toward more stable and accurate decisions while increasing perceived transparency. The system allows humans to override or modify machine suggestions while the AI agent reshapes its internal models in response to human rationale. FRANK thus promotes a collaborative decision environment where human expertise and machine learning strengthen each other.",10.1007/978-3-031-58553-1_19,10.1007/978-3-031-58553-1_19,2024,Chapter in a Book,"ack ok, no OA",TRUE,NO,,,,,"Federico Mazzoni, Riccardo Guidotti, Alessio Malizia",,"Lecture Notes in Computer Science, Advances in Intelligent Data Analysis XXII",,,,no,Yes,"1,3,4"
72,91,MBP2024b,TRUE,TRUE,Towards Transparent Healthcare: Advancing Local Explanation Methods in Explainable Artificial Intelligence,"Local explanation methods, such as SHAP and LIME, are increasingly adopted to justify predictions of clinical decision support systems. However, their reliability and clinical usefulness remain limited by instability, lack of contextualization, and poor alignment with medical reasoning. In this work, we propose an enhanced pipeline for generating trustworthy local explanations in healthcare. Our approach incorporates domain constraints, medical ontologies, and temporal reasoning over patient histories. We evaluate the method on multiple clinical prediction tasks and compare it against standard explainability tools using expert-driven criteria. Results show that explanations become more stable and more aligned with clinically plausible factors. A qualitative analysis with clinicians further indicates improved interpretability and actionability, supporting safer and more transparent AI-assisted healthcare.",10.3390/bioengineering11040369,10.3390/bioengineering11040369,2024,Article in Journal,"ack ok, OA ok",TRUE,Gold,"0,00",,,,"Carlo Metta, Andrea Beretta, Roberto Pellungrini, Salvatore Rinzivillo, Fosca Giannotti",,Bioengineering,11,,,no,Yes,1
73,92,SCM2024,TRUE,TRUE,Explainable Authorship Identification in Cultural Heritage Applications,"While a substantial amount of work has recently been devoted to enhance the performance of computational Authorship Identification (AId) systems, little to no attention has been paid to endowing AId systems with the ability to explain the reasons behind their predictions. This lacking substantially hinders the practical employment of AId methodologies, since the predictions returned by such systems are hardly useful unless they are supported with suitable explanations. In this paper, we explore the applicability of existing general-purpose eXplainable Artificial Intelligence (XAI) techniques to AId, with a special focus on explanations addressed to scholars working in cultural heritage. In particular, we assess the relative merits of three different types of XAI techniques (feature ranking, probing, factuals and counterfactual selection) on three different AId tasks (authorship attribution, authorship verification, same-authorship verification) by running experiments on real AId data. Our analysis shows that, while these techniques make important first steps towards explainable Authorship Identification, more work remains to be done in order to provide tools that can be profitably integrated in the workflows of scholars.",10.1145/3654675,10.1145/3654675,2024,Article in Journal,"ack ok, OA ok",TRUE,Gold,,,,,"Mattia Setzu, Silvia Corbara, Anna Monreale, Alejandro Moreo, Fabrizio Sebastiani",,Journal on Computing and Cultural Heritage,17,,,no,Yes,1
75,94,MBG2024,TRUE,TRUE,Advancing Dermatological Diagnostics: Interpretable AI for Enhanced Skin Lesion Classification,"A crucial challenge in critical settings like medical diagnosis is making deep learning models used in decision-making systems interpretable. Efforts in Explainable Artificial Intelligence (XAI) are underway to address this challenge. Yet, many XAI methods are evaluated on broad classifiers and fail to address complex, real-world issues, such as medical diagnosis. In our study, we focus on enhancing user trust and confidence in automated AI decision-making systems, particularly for diagnosing skin lesions, by tailoring an XAI method to explain an AI model’s ability to identify various skin lesion types. We generate explanations using synthetic images of skin lesions as examples and counterexamples, offering a method for practitioners to pinpoint the critical features influencing the classification outcome. A validation survey involving domain experts, novices, and laypersons has demonstrated that explanations increase trust and confidence in the automated decision system. Furthermore, our exploration of the model’s latent space reveals clear separations among the most common skin lesion classes, a distinction that likely arises from the unique characteristics of each class and could assist in correcting frequent misdiagnoses by human professionals.",10.3390/diagnostics14070753,10.3390/diagnostics14070753,2024,Article in Journal,"ack ok, OA ok",TRUE,Gold,"2942,58",,,,"Carlo Metta, Andrea Beretta, Riccardo Guidotti, Yuan Yin, Patrick Gallinari, Salvatore Rinzivillo, Fosca Giannotti",,Diagnostics,14,,,no,Yes,"1,2"
76,95,GMS2024,TRUE,TRUE,Generative Model for Decision Trees,"Decision trees are among the most popular supervised models due to their interpretability and knowledge representation resembling human reasoning. Yet their design and tuning remain largely manual and analytic. In this work we place our proposal between discriminative-only design and full generative modeling: we design a generative model for decision trees. Our method first learns a latent decision tree space through a variational architecture using pre-trained decision tree models. We then sample novel trees aimed at specific tasks, such as improving interpretability, compression, or fairness. Empirical results on synthetic and real data demonstrate that our generative model successfully produces new decision trees tailored to different desiderata while preserving predictive performance.",10.1609/aaai.v38i19.30104,10.1609/aaai.v38i19.30104,2024,Article in Journal,"ack ok, OA ok",TRUE,Gold,0,,,,"Riccardo Guidotti, Anna Monreale, Mattia Setzu, Giulia Volpi",,Proceedings of the AAAI Conference on Artificial Intelligence,38,,,no,Yes,1
77,96,NMB2024,TRUE,TRUE,Mapping the landscape of ethical considerations in explainable AI research,"With its potential to contribute to the ethical governance of AI, explainable AI (XAI) research frequently asserts its relevance to ethical considerations. Yet the substantiation of these claims with rigorous ethical analysis and reflection remains largely unexamined. This contribution endeavours to scrutinise the relationship between XAI and ethical considerations. We conduct a systematic review of the XAI literature by applying a multi-stage filtering process and then developing a taxonomy for classifying the depth and quality of ethical engagement in the field. Our findings show that although a growing body of XAI research references ethical issues, the majority does so at a superficial level. We identify nine ethical themes (e.g., autonomy, justice, transparency) and show how they are engaged in the literature. We discuss trends, deficits, and future directions for integrating ethical considerations meaningfully into XAI research.",10.1007/s10676-024-09773-7,10.1007/s10676-024-09773-7,2024,Article in Journal,"ack ok, OA ok",TRUE,Gold,0,,,,"Luca Nannini, Marta Marchiori Manerba, Isacco Beretta",,Ethics and Information Technology,26,,,no,No,"1,5"
78,97,DPG2024,TRUE,TRUE,Commodity-specific triads in the Dutch inter-industry production network,"Triadic motifs are the smallest building blocks of higher-order interactions in complex networks and can be detected as over-occurrences with respect to null models with only pair-wise interactions. Recently, the motif structure of production networks has attracted attention in light of its possible role in the propagation of economic shocks. However, its characterization at the level of individual commodities is still poorly understood. Here we analyze both binary and weighted triadic motifs in the Dutch inter-industry production network disaggregated at the level of 187 commodity groups, which Statistics Netherlands reconstructed from National Accounts registers, surveys and known empirical data. We introduce appropriate null models that filter out node heterogeneity and the strong effects of link reciprocity and find that, while the aggregate network that overlays all products is characterized by a multitude of triadic motifs, most single-product layers feature no significant motif, and roughly 85% of the layers feature only two motifs or less. This result paves the way for identifying a simple ‘triadic fingerprint’ of each commodity and for reconstructing most product-specific networks from partial information in a pairwise fashion by controlling for their reciprocity structure. We discuss how these results can help statistical bureaus identify fine-grained information in structural analyses of interest for policymakers.",10.1038/s41598-024-53655-3,10.1038/s41598-024-53655-3,2024,Article in Journal,"ack ok, OA ok",TRUE,Gold,0,,,,"Marzio Di Vece, Frank P. Pijpers, Diego Garlaschelli",,Scientific Reports,14,,,no,Yes,4
79,98,CFR2023,TRUE,FALSE,Demo: an Interactive Visualization Combining Rule-Based and Feature Importance Explanations,"The Human-Computer Interaction (HCI) community has long stressed the need for a more user-centered approach to Explainable Artificial Intelligence (XAI), a research area that aims at defining algorithms and tools to illustrate the predictions of the so-called black-box models. This approach can benefit from the fields of user-interface, user experience, and visual analytics. In this demo, we propose a visual-based tool, ""F.I.P.E.R."", that shows interactive explanations combining rules and feature importance.",10.1145/3605390.3610811,10.1145/3605390.3610811,2023,Publication in Conference proceedings/Workshop,"ack ok, no OA",TRUE,NO,,,,,"Eleonora Cappuccio, Daniele Fadda, Rosa Lanzilotti, Salvatore Rinzivillo",,Proceedings of the 15th Biannual Conference of the Italian SIGCHI Chapter,,,,no,Yes,"1,2,3"
80,99,BC2023,TRUE,FALSE,The Importance of Time in Causal Algorithmic Recourse,"The application of Algorithmic Recourse in decision-making is a promising field that offers practical solutions to reverse unfavorable decisions. However, the inability of these methods to consider potential dependencies among variables poses a significant challenge due to the assumption of feature independence. Recent advancements have incorporated knowledge of causal dependencies, thereby enhancing the quality of the recommended recourse actions. Despite these improvements, the inability to incorporate the temporal dimension remains a significant limitation of these approaches. This is particularly problematic as identifying and addressing the root causes of undesired outcomes requires understanding time-dependent relationships between variables. In this work, we motivate the need to integrate the temporal dimension into causal algorithmic recourse methods to enhance recommendations’ plausibility and reliability. The experimental evaluation highlights the significance of the role of time in this field.",10.1007/978-3-031-44064-9_16,10.1007/978-3-031-44064-9_16,2023,Chapter in a Book,"ack ok, no OA",TRUE,NO,0,,,,"Isacco Beretta, Martina Cinquini",,"Communications in Computer and Information Science, Explainable Artificial Intelligence",,,,no,Yes,2
81,100,FGG2024,TRUE,FALSE,FLocalX - Local to Global Fuzzy Explanations for Black Box Classifiers,"The need for explanation for new, complex machine learning models has caused the rise and growth of the field of eXplainable Artificial Intelligence. Different explanation types arise, such as local explanations which focus on the classification for a particular instance, or global explanations which aim to show a global overview of the inner workings of the model. In this paper, we propose FLocalX, a framework that builds a fuzzy global explanation expressed in terms of fuzzy rules by using local explanations as a starting point and a metaheuristic optimization process to obtain the result. An initial experimentation has been carried out with a genetic algorithm as the optimization process. Across several datasets, black-box algorithms and local explanation methods, FLocalX has been tested in terms of both fidelity of the resulting global explanation, and complexity The results show that FLocalX is successfully able to generate short and understandable global explanations that accurately imitate the classifier.",https://doi.org/10.1007/978-3-031-58553-1_16,10.1007/978-3-031-58553-1_16,2024,Publication in Conference proceedings/Workshop,"ack ok, no OA",TRUE,NO,,,,,"Guillermo Fernandez, Riccardo Guidotti, Fosca Giannotti, Mattia Setzu, Juan A. Aledo, Jose A. Gámez et al.",,"Lecture Notes in Computer Science, Advances in Intelligent Data Analysis XXII",,"Cham, Switzerland",,,,"1,2"
82,101,HNS2024,TRUE,FALSE,GLOR-FLEX: Local to Global Rule-Based EXplanations for Federated Learning,"The increasing spread of artificial intelligence applications has led to decentralized frameworks that foster collaborative model training among multiple entities. One of such frameworks is federated learning, which ensures data availability in client nodes without requiring the central server to retain any data. Nevertheless, similar to centralized neural networks, interpretability remains a challenge in understanding the predictions of these decentralized frameworks. The limited access to data on the server side further complicates the applicability of explainers in such frameworks. To address this challenge, we propose GLOR-FLEX, a framework designed to generate rule-based global explanations from local explainers. GLOR-FLEX ensures client privacy by preventing the sharing of actual data between the clients and the server. The proposed framework initiates the process by constructing local decision trees on each client's side to produce local explanations. Subsequently, by using rule extraction from these trees and strategically sorting and merging those rules, the server obtains a merged set of rules suitable to be used as a global explainer. We empirically evaluate the performance of GLOR-FLEX on three distinct tabular data sets, showing high fidelity scores between the explainers and both the local and global models. Our results support the effectiveness of GLOR-FLEX in generating accurate explanations that efficiently detect and explain the behavior of both local and global models.",https://dx.doi.org/10.1109/fuzz-ieee60900.2024.10611878,10.1109/fuzz-ieee60900.2024.10611878,2024,Publication in Conference proceedings/Workshop,"ack ok, no OA",TRUE,NO,0,,https://dx.doi.org/10.1109/fuzz-ieee60900.2024.1061187,,"Rami Haffar, Francesca Naretto, David Sánchez, Anna Monreale, Josep Domingo-Ferrer",,2024 IEEE International Conference on Fuzzy Systems (FUZZ-IEEE),1-9,,,,,"1,2"
83,102,GD2021,TRUE,TRUE,Matrix Profile-Based Interpretable Time Series Classifier,"Time series classification (TSC) is a pervasive and transversal problem in various fields ranging from disease diagnosis to anomaly detection in finance. Unfortunately, the most effective models used by Artificial Intelligence (AI) systems for TSC are not interpretable and hide the logic of the decision process, making them unusable in sensitive domains. Recent research is focusing on explanation methods to pair with the obscure classifier to recover this weakness. However, a TSC approach that is transparent by design and is simultaneously efficient and effective is even more preferable. To this aim, we propose an interpretable TSC method based on the patterns, which is possible to extract from the Matrix Profile (MP) of the time series in the training set. A smart design of the classification procedure allows obtaining an efficient and effective transparent classifier modeled as a decision tree that expresses the reasons for the classification as the presence of discriminative subsequences. Quantitative and qualitative experimentation shows that the proposed method overcomes the state-of-the-art interpretable approaches.",https://doi.org/10.3389/frai.2021.699448,10.3389/frai.2021.699448,2021,Article in Journal,"ack ok, OA ok",TRUE,Gold,0,,https://doaj.org/article/31729a9da5d4427e8cc62d75a47d9c11,,"Riccardo Guidotti, Matteo D’Onofrio",,Frontiers in Artificial Intelligence,4,,,,Yes,1
84,103,LG2024,,FALSE,Shape-based Methods in Mobility Data Analysis: Effectiveness and Limitations,"Although Mobility Data Analysis (MDA) has been explored for a long time, it still lags behind advancements in other fields.A common issue in MDA is the lack of methods' standardization and reusability. On the other hand, for instance, in time series analysis, the existing methods are typically general-purpose, and it is possible to apply them across diverse datasets and applications without extensive customization. Still, in MDA, most contributions are ad-hoc and designed to address specific research questions, which limits their generalizability and reusability. Recently, some researchers explored the application of shapelet transform to trajectory data, i.e., extracting discriminatory sub-trajectories from training data to be used as classification features. Unlike current MDA methods, this line of research eliminates the need for feature engineering, greatly improving its ability to generalize. While shapelets on mobility data have shown state-of-the-art performance on public classification datasets, it is still not clear why they work. Are these subtrajectories merely proxies for geographic location, or do they also capture motion dynamics? We empirically show that shapelet-based approaches are a viable alternative to classical methods and flexible enough to solve MDA tasks related solely to trajectory shape, solely to movement dynamics, and those related to both. Additionally, we investigate the problem of Geographic Transferability, showing that such approaches offer a promising starting point for tackling this challenge.",https://doi.org/10.21203/rs.3.rs-5369626/v1,10.21203/rs.3.rs-5369626/v1,2024,Article in Journal,"ack ok, Under review",TRUE,Gold,0,,https://doi.org/10.1007/s10707-025-00555-x,,"Cristiano Landi, Riccardo Guidotti",,GeoInformatica,"Volume 29,",,,,Yes,1
85,104,PPS2024,TRUE,TRUE,"A Survey on Graph Counterfactual Explanations: Definitions, Methods, Evaluation, and Research Challenges","Graph Neural Networks (GNNs) perform well in community detection and molecule classification. Counterfactual Explanations (CE) provide counter-examples to overcome the transparency limitations of black-box models. Due to the growing attention in graph learning, we focus on the concepts of CE for GNNs. We analysed the SoA to provide a taxonomy, a uniform notation, and the benchmarking datasets and evaluation metrics. We discuss fourteen methods, their evaluation protocols, twenty-two datasets, and nineteen metrics. We integrated the majority of methods into the GRETEL library to conduct an empirical evaluation to understand their strengths and pitfalls. We highlight open challenges and future work.",https://doi.org/10.1145/3618105,10.1145/3618105,2024,Article in Journal,"ack ok, OA ok",TRUE,Gold,0,,https://hdl.handle.net/11573/1723539,,"Mario Alfonso Prado-Romero, Bardh Prenkaj, Giovanni Stilo, Fosca Giannotti",,ACM Computing Surveys,56,,,,Yes,1
86,105,SMM2024,TRUE,TRUE,FairBelief - Assessing Harmful Beliefs in Language Models,"Language Models (LMs) have been shown to inherit undesired biases that might hurt minorities and underrepresented groups if such systems were integrated into real-world applications without careful fairness auditing.This paper proposes FairBelief, an analytical approach to capture and assess beliefs, i.e., propositions that an LM may embed with different degrees of confidence and that covertly influence its predictions. With FairBelief, we leverage prompting to study the behavior of several state-of-the-art LMs across different previously neglected axes, such as model scale and likelihood, assessing predictions on a fairness dataset specifically designed to quantify LMs’ outputs’ hurtfulness.Finally, we conclude with an in-depth qualitative assessment of the beliefs emitted by the models.We apply FairBelief to English LMs, revealing that, although these architectures enable high performances on diverse natural language processing tasks, they show hurtful beliefs about specific genders. Interestingly, training procedure and dataset, model scale, and architecture induce beliefs of different degrees of hurtfulness.",https://doi.org/10.18653/v1/2024.trustnlp-1.3,10.18653/v1/2024.trustnlp-1.3,2024,Publication in Conference proceedings/Workshop,"ack ok, OA ok",TRUE,Gold,0,,https://doi.org/10.48550/arxiv.2402.17389,,"Mattia Setzu, Marta Marchiori Manerba, Pasquale Minervini, Debora Nozza",,Proceedings of the 4th Workshop on Trustworthy Natural Language Processing (TrustNLP 2024),nan,,,,Yes,5
87,106,MMM2024,TRUE,TRUE,An Overview of Recent Approaches to Enable Diversity in Large Language Models through Aligning with Human Perspectives,"The varied backgrounds and experiences of human annotators inject different opinions and potential biases into the data, inevitably leading to disagreements. Yet, traditional aggregation methods fail to capture individual judgments since they rely on the notion of a single ground truth. Our aim is to review prior contributions to pinpoint the shortcomings that might cause stereotypical content generation. As a preliminary study, our purpose is to investigate state-of-the-art approaches, primarily focusing on the following two research directions. First, we investigate how adding subjectivity aspects to LLMs might guarantee diversity. We then look into the alignment between humans and LLMs and discuss how to measure it. Considering existing gaps, our review explores possible methods to mitigate the perpetuation of biases targeting specific communities. However, we recognize the potential risk of disseminating sensitive information due to the utilization of socio-demographic data in the training process. These considerations underscore the inclusion of diverse perspectives while taking into account the critical importance of implementing robust safeguards to protect individuals’ privacy and prevent the inadvertent propagation of sensitive information.",https://aclanthology.org/2024.nlperspectives-1.5/,,2024,Publication in conference,"ack ok, OA ok",TRUE,Gold,0,,,ELRA and ICCL,"Benedetta Muscato, Chandana Sree Mala, Marta Marchiori Manerba, Gizem Gezici, Fosca Giannotti",,Proceedings of the 3rd Workshop on Perspectivist Approaches to NLP (NLPerspectives) @ LREC-COLING 2024,2024-10-31,"Torino, Italia",49--55,,,3
88,107,GMB2024,TRUE,TRUE,XAI in healthcare,"The evolution of Explainable Artificial Intelligence (XAI) within healthcare represents a crucial turn towards more transparent, understandable, and patient-centric AI applications. The main objective is not only to increase the accuracy of AI models but also, and more importantly, to establish user trust in decision support systems through improving their interpretability. This extended abstract outlines the ongoing efforts and advancements of our lab addressing the challenges brought up by complex AI systems in healthcare domain. Currently, there are four main projects: Prostate Imaging Cancer AI, Liver Transplantation & Diabetes, Breast Cancer, and Doctor XAI, and ABELE.",https://ceur-ws.org/Vol-3825/short2-1.pdf,,2024,Publication in Conference proceedings/Workshop,"ack ok, OA ok",TRUE,Gold,0,,https://ceur-ws.org/Vol-3825/,,Gezici G.; Metta C; Beretta A.; Pellungrini R.; Rinzivillo S.; Pedreschi D.; Giannotti F.,,xAI 2024 - 2nd World Conference on eXplainable Artificial Intelligence,1,,,,Yes,"4,5"
89,108,RCO2023,TRUE,TRUE,Position Paper: On the Role of Abductive Reasoning in Semantic Image Segmentation.,"This position paper provides insights aiming at resolving the most pressing needs and issues of computer vision algorithms. Specifically, these problemsrelatetothescarcityofdata, theinabilityofsuchalgorithms to adapt to never-seen-before conditions, and the challenge of developing explainable and trustworthy algorithms. This work proposes the incorporation of reasoning systems, and in particular of abductive reasoning, into image segmentation algorithms as a potential solution to the aforementioned issues.",,,2023,Publication in Conference proceedings/Workshop,"ack ok, OA ok",TRUE,Gold,0,,https://hdl.handle.net/11697/223207,,Andrea Rafanelli; Stefania Costantini; Andrea Omicini,,nan,1,,,,Yes,2
90,109,AAB2022,TRUE,TRUE,Assessing Trustworthy AI in Times of COVID-19: Deep Learning for Predicting a Multiregional Score Conveying the Degree of Lung Compromise in COVID-19 Patients,"This article’s main contributions are twofold: 1) to demonstrate how to apply the general European Union’s High-Level Expert Group’s (EU HLEG) guidelines for trustworthy AI in practice for the domain of healthcare and 2) to investigate the research question of what does “trustworthy AI” mean at the time of the COVID-19 pandemic. To this end, we present the results of a post-hoc self-assessment to evaluate the trustworthiness of an AI system for predicting a multiregional score conveying the degree of lung compromise in COVID-19 patients, developed and verified by an interdisciplinary team with members from academia, public hospitals, and industry in time of pandemic. The AI system aims to help radiologists to estimate and communicate the severity of damage in a patient’s lung from Chest X-rays. It has been experimentally deployed in the radiology department of the ASST Spedali Civili clinic in Brescia, Italy, since December 2020 during pandemic time. The methodology we have applied for our post-hoc assessment, called Z-Inspection®, uses sociotechnical scenarios to identify ethical, technical, and domain-specific issues in the use of the AI system in the context of the pandemic.",https://doi.org/10.1109/tts.2022.3195114,10.1109/tts.2022.3195114,2022,Article in Journal,"ack ok, OA ok",TRUE,Gold,0,,https://ieeexplore.ieee.org/document/9845195,,"Himanshi Allahabadi, Julia Amann, Isabelle Balot, Andrea Beretta, Charles Binkley, Jonas Bozenhard, Frederick Bruneault, James Brusseau, Sema Candemir, Luca Alessandro Cappellini, Subrata Chakraborty, Nicoleta Cherciu, Christina Cociancig, Megan Coffee, Irene Ek, Leonardo Espinosa-Leal, Davide Farina, Genevieve Fieux-Castagnet, Thomas Frauenfelder, Alessio Gallucci, Guya Giuliani, Adam Golda, Irmhild van Halem, Elisabeth Hildt, Sune Holm, Georgios Kararigas, Sebastien A. Krier, Ulrich Kuhne, Francesca Lizzi, Vince I. Madai, Aniek F. Markus, Serg Masis, Emilie Wiinblad Mathez, Francesco Mureddu, Emanuele Neri, Walter Osika, Matiss Ozols, Cecilia Panigutti, Brendan Parent, Francesca Pratesi, Pedro A. Moreno-Sanchez, Giovanni Sartor, Mattia Savardi, Alberto Signoroni, Hanna-Maria Sormunen, Andy Spezzatti, Adarsh Srivastava, Annette F. Stephansen, Lau Bee Theng, Jesmin Jahan Tithi, Jarno Tuominen, Steven Umbrello, Filippo Vaccher, Dennis Vetter, Magnus Westerlund, Renee Wurth, Roberto V. Zicari",,IEEE Transactions on Technology and Society,3,,,,Yes,"4,5"
91,110,BRF2022,TRUE,TRUE,Explaining Black Box with Visual Exploration of Latent Space,"Autoencoders are a powerful yet opaque feature reduction technique, on top of which we propose a novel way for the joint visual exploration of both latent and real space. By interactively exploiting the mapping between latent and real features, it is possible to unveil the meaning of latent features while providing deeper insight into the original variables. To achieve this goal, we exploit and re-adapt existing approaches from eXplainable Artificial Intelligence (XAI) to understand the relationships between the input and latent features. The uncovered relationships between input features and latent ones allow the user to understand the data structure concerning external variables such as the predictions of a classification model. We developed an interactive framework that visually explores the latent space and allows the user to understand the relationships of the input features with model prediction.",https://doi.org/10.2312/evs.20221098,10.2312/evs.20221098,2022,Publication in Conference proceedings/Workshop,"ack ok, OA ok",TRUE,Gold,0,,https://doi.org/10.2312/evs.20221098,,"Bodria, Francesco; Rinzivillo, Salvatore; Fadda, Daniele; Guidotti, Riccardo; Giannotti, Fosca; Pedreschi, Dino",,nan,10,,,,Yes,"1,3"
92,111,SBB2025,TRUE,FALSE,The explanation dialogues: an expert focus study to understand requirements towards explanations within the GDPR,"Explainable AI (XAI) provides methods to understand non-interpretable machine learning models. However, we have little knowledge about what legal experts expect from these explanations, including their legal compliance with, and value against European Union legislation. To close this gap, we present the Explanation Dialogues, an expert focus study to uncover the expectations, reasoning, and understanding of legal experts and practitioners towards XAI, with a specific focus on the European General Data Protection Regulation. The study consists of an online questionnaire and follow-up interviews, and is centered around a use-case in the credit domain. We extract both a set of hierarchical and interconnected codes using grounded theory, and present the standpoints of the participating experts towards XAI. We find that the presented explanations are hard to understand and lack information, and discuss issues that can arise from the different interests of the data controller and subject. Finally, we present a set of recommendations for developers of XAI methods, and indications of legal areas of discussion. Among others, recommendations address the presentation, choice, and content of an explanation, technical risks as well as the end-user, while we provide legal pointers to the contestability of explanations, transparency thresholds, intellectual property rights as well as the relationship between involved parties.",https://doi.org/10.1007/s10506-024-09430-w,10.1007/s10506-024-09430-w,2025,Article in journal,"ack ok, no OA",TRUE,Green,0,,https://doi.org/10.1007/s10506-024-09430-w,Springer,"Laura State, Alejandra Bringas Colmenarejo, Andrea Beretta, Salvatore Ruggieri, Franco Turini, Stephanie Law","0924-8463, 1572-8382",Artificial Intelligence and Law,2025-06-26,,,,,4
93,112,TDP2025,TRUE,FALSE,Ensemble Counterfactual Explanations for Churn Analysis,"Counterfactual explanations play a crucial role in interpreting and understanding the decision-making process of complex machine learning models, offering insights into why a particular prediction was made and how it could be altered. However, individual counterfactual explanations generated by different methods may vary significantly in terms of their quality, diversity, and coherence to the black-box prediction. This is especially important in financial applications such as churn analysis, where customer retention officers could explore different approaches and solutions with the clients to prevent churning. The officer’s capability to modify and explore different explanations is pivotal to his ability to provide feasible solutions. To address this challenge, we propose an evaluation framework through the implementation of an ensemble approach that combines state-of-the-art counterfactual generation methods and a linear combination score of desired properties to select the most appropriate explanation. We conduct our experiments on three publicly available churn datasets in different domains. Our experimental results demonstrate that the ensemble of counterfactual explanations provides more diverse and comprehensive insights into model behavior compared to individual methods alone that suffer from specific weaknesses. By aggregating, evaluating, and selecting multiple explanations, our approach enhances the diversity of the explanation, highlights common patterns, and mitigates the limitations of any single method, offering to the user the ability to tweak the explanation properties to their needs.",https://hdl.handle.net/11384/147064,10.1007/978-3-031-78980-9_21,2025,Chapter in a Book,"ack ok, no OA",TRUE,NO,0,,https://doi.org/10.1007/978-3-031-78980-9_21,Springer Nature Switzerland,"Samuele Tonati, Marzio Di Vece, Roberto Pellungrini, Fosca Giannotti",,"Lecture Notes in Computer Science, Discovery Science",01/01/2025,,332-347,,Yes,1
94,113,RMM2025,TRUE,FALSE,Explainable AI in Time-Sensitive Scenarios: Prefetched Offline Explanation Model,"As predictive machine learning models become increasingly adopted and advanced, their role has evolved from merely predicting outcomes to actively shaping them. This evolution has underscored the importance of Trustworthy AI, highlighting the necessity to extend our focus beyond mere accuracy and toward a comprehensive understanding of these models’ behaviors within the specific contexts of their applications. To further progress in explainability, we introduce poem, Prefetched Offline Explanation Model, a model-agnostic, local explainability algorithm for image data. The algorithm generates exemplars, counterexemplars and saliency maps to provide quick and effective explanations suitable for time-sensitive scenarios. Leveraging an existing local algorithm, poem infers factual and counterfactual rules from data to create illustrative examples and opposite scenarios with an enhanced stability by design. A novel mechanism then matches incoming test points with an explanation base and produces diverse exemplars, informative saliency maps and believable counterexemplars. Experimental results indicate that poem outperforms its predecessor abele in speed and ability to generate more nuanced and varied exemplars alongside more insightful saliency maps and valuable counterexemplars.",https://doi.org/10.1007/978-3-031-78980-9_11,10.1007/978-3-031-78980-9_11,2025,Chapter in a Book,"ack ok, no OA",TRUE,NO,,,http://arxiv.org/abs/2503.04283,,"Fabio Michele Russo, Carlo Metta, Anna Monreale, Salvatore Rinzivillo, Fabio Pinelli",,"Lecture Notes in Computer Science, Discovery Science",nan,,,,Yes,1
95,114,FPT2024,TRUE,TRUE,The ALTAI checklist as a tool to assess ethical and legal implications for a trustworthy AI development in education,"The rapid proliferation of Artificial Intelligence (AI) applications in various domains of our lives has prompted a need for a shift towards a human-centered and trustworthy approach to AI. In this study we employ the Assessment List for Trustworthy Artificial Intelligence (ALTAI) checklist to evaluate the trustworthiness of Artificial Intelligence for Student Performance Prediction (AI4SPP), an AI-powered system designed to detect students at risk of school failure. We strongly support the ethical and legal development of AI and propose an implementation design where the user can choose to have access to each level of a three-tier outcome bundle: the AI prediction alone, the prediction along with its confidence level, and, lastly, local explanations for each grade prediction together with the previous two information. AI4SPP aims to raise awareness among educators and students regarding the factors contributing to low school performance, thereby facilitating the implementation of interventions not only to help students, but also to address biases within the school community. However, we also emphasize the ethical and legal concerns that could arise from a misuse of the AI4SPP tool. First of all, the collection and analysis of data, which is essential for the development of AI models, may lead to breaches of privacy, thus causing particularly adverse consequences in the case of vulnerable individuals. Furthermore, the system’s predictions may be influenced by unacceptable discrimination based on gender, ethnicity, or socio-economic background, leading to unfair actions. The ALTAI checklist serves as a valuable self-assessment tool during the design phase of AI systems, by means of which commonly overlooked weaknesses can be highlighted and addressed. In addition, the same checklist plays a crucial role throughout the AI system life cycle. Continuous monitoring of sensitive features within the dataset, alongside survey assessments to gauge users’ responses to the systems, is essential for gathering insights and intervening accordingly. We argue that adopting a critical approach to AI development is essential for societal progress, believing that it can evolve and accelerate over time without impeding openness to new technologies. By aligning with ethical principles and legal requirements, AI systems can make significant contributions to education while mitigating potential risks and ensuring a fair and inclusive learning environment.",https://doi.org/10.1016/j.clsr.2024.105986,10.1016/j.clsr.2024.105986,2024,Article in Journal,"ack ok, OA ok",TRUE,Gold,0,,https://doi.org/10.1016/j.clsr.2024.105986,,"Andrea Fedele, Clara Punzi, Stefano Tramacere",,Computer Law &amp; Security Review,53,,,,Yes,5
96,115,BCM2022,TRUE,TRUE,User-driven counterfactual generator: a human centered exploration,"In this paper, we critically examine the limitations of the techno-solutionist approach to explanations in the context of counterfactual generation, reaffirming interactivity as a core value in the explanation interface between the model and the user.",https://ceur-ws.org/Vol-3554/paper15.pdf,,2022,Publication in Conference proceedings/Workshop,"ack ok, OA ok",TRUE,Gold,0,,https://publications.cnr.it/doc/489902,,Beretta I; Cappuccio E; Marchiori Manerba M,,"xAI-2023 - 1st World Conference on eXplainable Artificial, pp. 83–88, Lisbon, Portugal, 26-28/07/2023",1,,,,Yes,"1,3"
97,116,F2023,TRUE,TRUE,Explain and interpret few-shot learning,"Recent advancements in Artificial Intelligence have been fueled by vast datasets, powerful computing resources, and sophisticated algorithms. However, traditional Machine Learning models face limitations in handling scarce data. Few-Shot Learning (FSL) offers a promising solution by training models on a small number of examples per class. This manuscript introduces FXI-FSL, a framework for eXplainability and Interpretability in FSL, which aims to develop post-hoc explainability algorithms and interpretableby-design alternatives. A noteworthy contribution is the SIamese Network EXplainer (SINEX), a post-hoc approach shedding light on Siamese Network behavior. The proposed framework seeks to unveil the rationale behind FSL models, instilling trust in their real-world applications. Moreover, it emerges as a safeguard for developers, facilitating models fine-tuning prior to deployment, and as a guide for end users navigating the decisions of these models.",https://ceur-ws.org/Vol-3554/paper38.pdf,,2023,Publication in Conference proceedings/Workshop,"ack ok, OA ok",TRUE,Gold,0,,http://www.cnr.it/prodotto/i/490202,,Fedele A.,,"xAI-2023 - 1st World Conference on eXplainable Artificial, pp. 233–240, Lisbon, Portugal, 26-28/06/2023",Vol. 3554,,,,No,1
98,117,CBM2022,TRUE,FALSE,How routing strategies impact urban emissions,"Navigation apps use routing algorithms to suggest the best path to reach a user's desired destination. Although undoubtedly useful, navigation apps' impact on the urban environment (e.g., CO2 emissions and pollution) is still largely unclear. In this work, we design a simulation framework to assess the impact of routing algorithms on carbon dioxide emissions within an urban environment. Using APIs from TomTom and OpenStreetMap, we find that settings in which either all vehicles or none of them follow a navigation app's suggestion lead to the worst impact in terms of CO2 emissions. In contrast, when just a portion (around half) of vehicles follow these suggestions, and some degree of randomness is added to the remaining vehicles' paths, we observe a reduction in the overall CO2 emissions over the road network. Our work is a first step towards designing next-generation routing principles that may increase urban well-being while satisfying individual needs.",https://doi.org/10.1145/3557915.3560977,10.1145/3557915.3560977,2022,Publication in Conference proceedings/Workshop,"ack ok, no OA",TRUE,NO,,,http://arxiv.org/abs/2207.01456,,"Giuliano Cornacchia, Matteo Böhm, Giovanni Mauro, Mirco Nanni, Dino Pedreschi, Luca Pappalardo",,Proceedings of the 30th International Conference on Advances in Geographic Information Systems,"SIGSPATIAL ’22 — November 1–4, 2022, Seattle, WA, USA",,,,Yes,5
99,118,CGG2021,TRUE,TRUE,Boosting Synthetic Data Generation with Effective Nonlinear Causal Discovery,"Synthetic data generation has been widely adopted in software testing, data privacy, imbalanced learning, artificial intelligence explanation, etc. In all such contexts, it is important to generate plausible data samples. A common assumption of approaches widely used for data generation is the independence of the features. However, typically, the variables of a dataset de-pend on one another, and these dependencies are not considered in data generation leading to the creation of implausible records. The main problem is that dependencies among variables are typically unknown. In this paper, we design a synthetic dataset generator for tabular data that is able to discover nonlinear causalities among the variables and use them at generation time. State-of-the-art methods for nonlinear causal discovery are typically inefficient. We boost them by restricting the causal discovery among the features appearing in the frequent patterns efficiently retrieved by a pattern mining algorithm. To validate our proposal, we design a framework for generating synthetic datasets with known causalities. Wide experimentation on many synthetic datasets and real datasets with known causalities shows the effectiveness of the proposed method.",https://doi.org/10.1109/cogmi52975.2021.00016,10.1109/cogmi52975.2021.00016,2021,Publication in Conference proceedings/Workshop,"ack ok, no OA",TRUE,NO,,,http://www.cnr.it/prodotto/i/468813,,"Martina Cinquini, Fosca Giannotti, Riccardo Guidotti",,2021 IEEE Third International Conference on Cognitive Machine Intelligence (CogMI),"CogMI 2021 — December 13–16, 2021, Virtual Conference",,,,Yes,2
100,121,MPG2025,TRUE,TRUE,Perspectives in Play: A Multi-Perspective Approach for More Inclusive NLP Systems,"In the realm of Natural Language Processing (NLP), common approaches for handling human disagreement consist of aggregating annotators' viewpoints to establish a single ground truth. However, prior studies show that disregarding individual opinions can lead to the side-effect of under-representing minority perspectives, especially in subjective tasks, where annotators may systematically disagree because of their preferences. Recognizing that labels reflect the diverse backgrounds, life experiences, and values of individuals, this study proposes a new multi-perspective approach using soft labels to encourage the development of the next generation of perspective-aware models—more inclusive and pluralistic. We conduct an extensive analysis across diverse subjective text classification tasks including hate speech, irony, abusive language, and stance detection, to highlight the importance of capturing human disagreements, often overlooked by traditional aggregation methods. Results show that the multi-perspective approach not only better approximates human label distributions, as measured by Jensen-Shannon Divergence (JSD), but also achieves superior classification performance (higher F1-scores), outperforming traditional approaches. However, our approach exhibits lower confidence in tasks like irony and stance detection, likely due to the inherent subjectivity present in the texts. Lastly, leveraging Explainable AI (XAI), we explore model uncertainty and uncover meaningful insights into model predictions. All implementation details are available at our github repo.",https://doi.org/10.24963/ijcai.2025/1092,10.24963/ijcai.2025/1092,2025,Publication in conference,"ack ok, OA ok",TRUE,Gold,0,,,International Joint Conferences on Artificial Intelligence Organization,"Benedetta Muscato, Lucia Passaro, Gizem Gezici, Fosca Giannotti",,Proceedings of the Thirty-Fourth International Joint Conference on Artificial Intelligence,,,9827--983,,,"4,5"
101,122,MDP2025,TRUE,TRUE,Towards building a Trustworthy RAG-based Chatbot for the Italian Public Administration,"Building a Trustworthy Retrieval-Augmented Generation (RAG) chatbot for Italy’s public sector presents challenges that go beyond selecting an appropriate Large Language Model. A major issue is the retrieval phase, where Italian text embedders often underperform compared to English and multilingual counterparts, hindering precise identification and contextualization of critical information. Regulatory constraints further complicate matters by disallowing closed source or cloud based models, forcing reliance on on-premise or fully open source solutions that may not fully address the linguistic complexities of Italian documents. In our study, we evaluate three embedding approaches using a publicly available Italian dataset: a monolingual Italian approach, a translation based method leveraging English only embedders with backward reference mapping, and a multilingual framework applied to both original and translated texts. Our methodology involves chunking documents into coherent segments, embedding them in a high dimensional semantic space, and measuring retrieval accuracy via top-k similarity searches. Our results indicate that the translation based approach significantly improves retrieval performance over Italian specific models, suggesting that bilingual mapping can effectively address both domain specific challenges and regulatory constraints in developing RAG pipelines for public administration.",https://doi.org/10.3233/FAIA250637,10.3233/FAIA250637,2025,Publication in conference,"ack ok, OA ok",TRUE,Gold,0,,,,"Chandana Sree Mala, Christian Di Maio, Mattia Proietti, Gizem Gezici, Fosca Giannotti, Stefano Melacci, Alessandro Lenci, Marco Gori",,"Frontiers in Artificial Intelligence and Applications, HHAI 2025",Volume 408 (FAIA),,196--204,,,"3,5"
102,123,MBG2025,TRUE,TRUE,Embracing Diversity: A Multi-Perspective Approach with Soft Labels,"In subjective tasks like stance detection, diverse human perspectives are often simplified into a single ground truth through label aggregation i.e. majority voting, potentially marginalizing minority viewpoints. This paper presents a Multi-Perspective framework for stance detection that explicitly incorporates annotation diversity by using soft labels derived from both human and large language model (LLM) annotations. Building on a stance detection dataset focused on controversial topics, we augment it with document summaries and new LLM-generated labels. We then compare two approaches: a baseline using aggregated hard labels, and a multi-perspective model trained on disaggregated soft labels that capture annotation distributions. Our findings show that multi-perspective models consistently outperform traditional baselines (higher F1-scores), with lower model confidence, reflecting task subjectivity. This work highlights the importance of modeling disagreement and promotes a shift toward more inclusive, perspective-aware NLP systems.",https://doi.org/10.3233/FAIA250654,10.3233/FAIA250654,2025,Publication in conference,"ack ok, OA ok",TRUE,Gold,0,,,,"Benedetta Muscato, Praveen Bushipaka, Gizem Gezici, Lucia Passaro, Fosca Giannotti, Tommaso Cucinotta",,"Frontiers in Artificial Intelligence and Applications, HHAI 2025",Volume 408 (FAIA),,370--384,,,"4,5"
103,124,AR2025,TRUE,FALSE,Counterfactual Situation Testing: From Single to Multidimensional Discrimination,"As machine learning models enable decisions once performed only by humans, it is central to develop tools that assess the fairness of such models. Notably, within high-stake settings like hiring and lending, these tools must be able to detect potentially discriminatory models. We present counterfactual situation testing (CST), a causal data mining framework for detecting individual discrimination in a dataset of classifier decisions. CST answers the question “what would have been the model outcome had the individual, or complainant, been of a different protected status?” It extends the legally-grounded situation testing (ST) of Thanh et al. (2011) by operationalizing the notion of fairness given the difference via counterfactual reasoning. ST finds for each complainant similar protected and non-protected instances in the dataset; constructs, respectively, a control and test group; and compares the groups such that a difference in model outcomes implies a potential case of individual discrimination. CST, instead, avoids this idealized comparison by establishing the test group on the complainant’s generated counterfactual, which reflects how the protected attribute when changed influences other seemingly neutral attributes of the complainant. Under CST we test for discrimination for each complainant by comparing similar individuals within the control and test group but dissimilar individuals across these groups. We consider single (e.g., gender) and multidimensional (e.g., gender and race) discrimination testing. For multidimensional discrimination we study multiple and intersectional discrimination and, as feared by legal scholars, find evidence that the former fails to account for the latter kind. Using a k-nearest neighbor implementation, we showcase CST on synthetic and real data. Experimental results show that CST uncovers a higher number of cases than ST, even when the model is counterfactually fair. CST, in fact, extends counterfactual fairness (CF) of Kusner et al. (2017) by equipping CF with confidence intervals, which we report for all experiments.",https://doi.org/10.1613/jair.1.17935,10.1613/jair.1.17935,2025,Article in journal,ack no,FALSE,Gold,0,,,,"Jose M. Alvarez, Salvatore Ruggieri",1076-9757,Journal of Artificial Intelligence Research,82,,2279--2323,,,1
104,125,CBR2025,TRUE,TRUE,A Practical Approach to Causal Inference over Time,"In this paper, we focus on estimating the causal effect of an intervention over time on a dynamical system.  
To that end, we formally define causal interventions and their effects over time on discrete-time stochastic processes (DSPs).  
Then, we show under which conditions the equilibrium states of a DSP, both before and after a causal intervention, can be captured by a structural causal model (SCM).  
With such an equivalence at hand, we provide an explicit mapping from vector autoregressive models (VARs), broadly applied in econometrics, to linear, but potentially cyclic and/or affected by unmeasured confounders, SCMs. The resulting causal VAR framework allows us to perform causal inference over time from observational time series data.   
Our experiments on synthetic and real-world datasets show that the proposed framework achieves strong performance in terms of observational forecasting while enabling accurate estimation of the causal effect of interventions on dynamical systems.  
We demonstrate, through a case study, the potential practical questions that can be addressed using the proposed causal VAR framework.",https://doi.org/10.1609/aaai.v39i14.33626,10.1609/aaai.v39i14.33626,2025,Article in journal,"ack ok, OA ok",TRUE,Gold,0,,,,"Martina Cinquini, Isacco Beretta, Salvatore Ruggieri, Isabel Valera","2374-3468, 2159-5399",Proceedings of the AAAI Conference on Artificial Intelligence,39,,14832--14839,,,2
105,130,CBG2025,TRUE,TRUE,Mathematical Foundation of Interpretable Equivariant Surrogate Models,"This paper introduces a rigorous mathematical framework for neural network explainability, and more broadly for the explainability of equivariant operators called Group Equivariant Operators (GEOs), based on Group Equivariant Non-Expansive Operators (GENEOs) transformations. The central concept involves quantifying the distance between GEOs by measuring the non-commutativity of specific diagrams. Additionally, the paper proposes a definition of interpretability of GEOs according to a complexity measure that can be defined according to each user’s preferences. Moreover, we explore the formal properties of this framework and show how it can be applied in classical machine learning scenarios, like image classification with convolutional neural networks. (SpringerLink)",https://doi.org/10.1007/978-3-032-08324-1_13,10.1007/978-3-032-08324-1_13,2025,Publication in conference,"ack ok, OA ok",TRUE,Gold,0,,,,"Jacopo Joy Colombini, Filippo Bonchi, Francesco Giannini, Fosca Giannotti, Roberto Pellungrini, Patrizio Frosini",,"Communications in Computer and Information Science, Explainable Artificial Intelligence",2185,"Istanbul, Turkey",,,,1
106,144,FGB2025,TRUE,TRUE,Categorical Explaining Functors: Ensuring Coherence in Logical Explanations,"The most common methods in explainable artificial intelligence are post-hoc techniques which identify the most relevant features used by pretrained opaque models. Some of the most advanced post-hoc methods can generate explanations that account for the mutual interactions of input features in the form of logic rules. However, these methods frequently fail to guarantee the consistency of the extracted explanations with the model’s underlying reasoning. To bridge this gap, we propose a theoretically grounded approach to ensure coherence and fidelity of the extracted explanations, moving beyond the limitations of current heuristic-based approaches. To this end, drawing from category theory, we introduce an explaining functor which structurally preserves logical entailment between the explanation and the opaque model’s reasoning. As a proof of concept, we validate the proposed theoretical constructions on a synthetic benchmark verifying how the proposed approach significantly mitigates the generation of contradictory or unfaithful explanations. (arXiv)",https://doi.org/10.24963/kr.2025/30,10.24963/kr.2025/30,2025,Publication in conference,"ack ok, OA ok",TRUE,Gold,0,,Proceedings of the TwentySecond International Conference on Principles of Knowledge Representation and Reasoning,International Joint Conferences on Artificial Intelligence Organization,"Stefano Fioravanti, Francesco Giannini, Pietro Barbiero, Paolo Frazzetto, Roberto Confalonieri, Fabio Zanasi, Nicolò Navarin",978-1-956792-08-9,Proceedings of the TwentySecond International Conference on Principles of Knowledge Representation and Reasoning,22nd International Conference (KR2025),California,306-315,,,"1,2"
107,149,BEF2024,TRUE,TRUE,Requirements of eXplainable AI in Algorithmic Hiring,AI models for ranking candidates to a job position are increasingly adopted. They bring a new layer of opaqueness in the way candidates are evaluated. We present preliminary research on stakeholder analysis and requirement elicitation for designing an explainability component in AI models for ranking candidates to a job position. (CEUR-WS),https://ceur-ws.org/Vol-3744/paper8.pdf,,2024,Publication in conference,"ack ok, OA ok",TRUE,Gold,0,,,,"A. Beretta, G. Ercoli, A. Ferraro, R. Guidotti, A. Iommi, A. Mastropietro, A. Monreale, D. Rotelli, S. Ruggieri",,"AIMMES 2024: AI bias – Measurements, Mitigation, Explanation Strategies (CEUR Workshop Proceedings, Vol. 3744)","CEUR Workshop Proceedings, Volume 3744",,,,,1
108,150,DGS2023,TRUE,TRUE,"Deterministic, quenched, and annealed parameter estimation for heterogeneous network models","At least two, different approaches to define and solve statistical models for the analysis of economic systems exist: the typical, econometric one, interpreting the Gravity Model specification as the expected link weight of an arbitrary probability distribution, and the one rooted into statistical physics, constructing maximum-entropy distributions constrained to satisfy certain network properties. In a couple of recent, companion papers they have been successfully integrated within the framework induced by the constrained minimisation of the Kullback-Leibler divergence: specifically, two, broad classes of models have been devised, i.e. the integrated and the conditional ones, defined by different, probabilistic rules to place links, load them with weights and turn them into proper, econometric prescriptions. Still, the recipes adopted by the two approaches to estimate the parameters entering into the definition of each model differ. In econometrics, a likelihood that decouples the binary and weighted parts of a model, treating a network as deterministic, is typically maximised; to restore its random character, two alternatives exist: either solving the likelihood maximisation on each configuration of the ensemble and taking the average of the parameters afterwards or taking the average of the likelihood function and maximising the latter one. The difference between these approaches lies in the order in which the operations of averaging and maximisation are taken — a difference that is reminiscent of the quenched and annealed ways of averaging out the disorder in spin glasses. The results of the present contribution, devoted to comparing these recipes in the case of continuous, conditional network models, indicate that the annealed estimation recipe represents the best alternative to the deterministic one. (ar5iv.labs.arxiv.org)",https://doi.org/10.1103/PhysRevE.108.054301,10.1103/PhysRevE.108.054301,2023,Article in Journal,"ack ok, OA ok",TRUE,Gold,0,,,APS,"M. Di Vece, D. Garlaschelli, T. Squartini",,Physical Review E,108,"Aachen, Germany",,,,1
109,151,GMR2022,TRUE,TRUE,Stable and actionable explanations of black-box models through factual and counterfactual rules,"Recent years have witnessed the rise of accurate but obscure classification models that hide the logic of their internal decision processes. Explaining the decision taken by a black-box classifier on a specific input instance is therefore of striking interest. We propose a local rule-based model-agnostic explanation method providing stable and actionable explanations. An explanation consists of a factual logic rule, stating the reasons for the black-box decision, and a set of actionable counterfactual logic rules, proactively suggesting the changes in the instance that lead to a different outcome. Explanations are computed from a decision tree that mimics the behavior of the black-box locally to the instance to explain. The decision tree is obtained through a bagging-like approach that favors stability and fidelity: first, an ensemble of decision trees is learned from neighborhoods of the instance under investigation; then, the ensemble is merged into a single decision tree. Neighbor instances are synthetically generated through a genetic algorithm whose fitness function is driven by the black-box behavior. Experiments show that the proposed method advances the state-of-the-art towards a comprehensive approach that successfully covers stability and actionability of factual and counterfactual explanations.",https://doi.org/10.1007/s10618-022-00878-5,10.1007/s10618-022-00878-5,2022,Article in Journal,"ack ok, OA ok",TRUE,Gold,0,,,,"Riccardo Guidotti, Anna Monreale, Salvatore Ruggieri, Francesca Naretto, Franco Turini, Dino Pedreschi, Fosca Giannotti",,Data Mining and Knowledge Discovery,38,,,,,"1,2"
110,154,LCM2025,TRUE,TRUE,Balancing Fairness and Interpretability in Clustering with FairParTree,"The revolution involving Machine Learning has transformed data analytics, making algorithms important in decision-making processes across various domains, even in sensitive scenarios. Indeed, traditional clustering algorithms often lack interpretability and exhibit biases, leading to discriminatory practices and opaque decision-making. To overcome these limitations, we introduce FairParTree, a fair and interpretable clustering algorithm that integrates fairness constraints directly into the clustering process, ensuring that the resulting clusters do not disproportionately disadvantage any particular group. By leveraging the structure of decision trees, FairParTree enhances the interpretability of clustering results by providing clear and understandable motivations for cluster assignments through rule-based explanations. We evaluate FairParTree against state-of-the-art competitors. Through extensive experiments, we show that it maintains strong performances w.r.t. fairness, interpretability, and clustering quality across different dataset sizes, thus positioning itself as a competitive, fair, and interpretable clustering algorithm.",https://doi.org/10.1007/978-3-032-08324-1_5,10.1007/978-3-032-08324-1_5,2025,Publication in conference,"ack ok, OA ok",TRUE,Gold,0,,,,"Cristiano Landi, Alessio Cascione, Marta Marchiori Manerba, Riccardo Guidotti",,"Communications in Computer and Information Science, Explainable Artificial Intelligence",2185,,,,,"1,5"
111,155,CPG2025,TRUE,TRUE,Unsupervised and Interpretable Detection of User Personalities in Online Social Networks,"Personalized moderation interventions in online social networks foster healthier interactions by adapting responses to both individual traits and contextual factors. However, implementing such interventions is challenging due to transparency concerns and the lack of ground-truth behavioral data from expert psychologists. Interpretability is crucial for addressing these challenges, as it enables platforms to tailor moderation strategies while ensuring fairness and user trust. In this paper, we present an unsupervised, data-driven framework to build an interpretable predictive model capable of distinguishing between toxic and non-toxic users with different personality traits. We leverage personality representations from an external resource to uncover behavioral profiles through clustering, utilizing embeddings of both toxic and non-toxic users. Then, we model users with features capturing linguistic and affective dimensions, training an interpretable personality detector capable of distinguishing between behavioral profiles in a transparent and explainable manner. A case study on Reddit demonstrates the effectiveness of our approach, highlighting how an interpretable model can achieve competitive performance comparable to a black-box alternative while offering meaningful insights into toxic and non-toxic users behavior.",https://doi.org/10.1007/978-3-032-08327-2_8,10.1007/978-3-032-08327-2_8,2025,Publication in conference,"ack ok, OA ok",TRUE,Gold,0,,,,"Alessio Cascione, Laura Pollacci, Riccardo Guidotti",,"Communications in Computer and Information Science, Explainable Artificial Intelligence",2186,,,,,1
112,156,PSW2025,TRUE,TRUE,MASCOTS: Model-Agnostic Symbolic COunterfactual Explanations for Time Series,"Counterfactual explanations provide an intuitive way to understand model decisions by identifying minimal changes required to alter an outcome. However, applying counterfactual methods to time series models remains challenging due to temporal dependencies, high dimensionality, and the lack of an intuitive human-interpretable representation. We introduce MASCOTS, a method that leverages the Bag-of-Receptive-Fields representation alongside symbolic transformations inspired by Symbolic Aggregate Approximation. By operating in a symbolic feature space, it enhances interpretability while preserving fidelity to the original data and model. Unlike existing approaches that either depend on model structure or autoencoder-based sampling, MASCOTS directly generates meaningful and diverse counterfactual observations in a model-agnostic manner, operating on both univariate and multivariate data. We evaluate MASCOTS on univariate and multivariate benchmark datasets, demonstrating comparable validity, proximity, and plausibility to state-of-the-art methods, while significantly improving interpretability and sparsity. Its symbolic nature allows for explanations that can be expressed visually, in natural language, or through semantic representations, making counterfactual reasoning more accessible and actionable.",https://doi.org/10.1007/978-3-032-06078-5_6,10.1007/978-3-032-06078-5_6,2025,Publication in conference,"ack ok, OA ok",TRUE,Gold,0,,,,"Dawid Płudowski, Francesco Spinnato, Piotr Wilczyński, Krzysztof Kotowski, Evridiki Vasileia Ntagiou, Riccardo Guidotti, Przemysław Biecek",,"Lecture Notes in Computer Science, Machine Learning and Knowledge Discovery in Databases. Research Track",15126,,,,,1
113,157,FCG2025,TRUE,TRUE,Interpretable Instance-Based Learning Through Pairwise Distance Trees,"Instance-based models offer natural interpretability by making decisions based on concrete examples. However, their transparency is often hindered by the use of complex similarity measures, which are difficult to interpret, especially in high-dimensional datasets. To address this issue, this paper presents a meta-learning framework that enhances the interpretability of instance-based models by replacing traditional, complex pairwise distance functions with interpretable pairwise distance trees. These trees are designed to prioritize simplicity and transparency while preserving the model’s effectiveness. By offering a clear decision-making process, the framework makes the instance selection more understandable. Also, the framework mitigates the computational burden of instance-based models, which typically require calculating all pairwise distances. Leveraging the generalization capabilities of pairwise distance trees and employing sampling strategies to select representative subsets, the method significantly reduces computational complexity. Our experiments demonstrate that the proposed approach improves computational efficiency with only a modest trade-off in accuracy while substantially enhancing the interpretability of the learned distance measure.",https://doi.org/10.1007/978-3-032-06078-5_1,10.1007/978-3-032-06078-5_1,2025,Publication in conference,"ack ok, OA ok",TRUE,Gold,0,,,,"Andrea Fedele, Alessio Cascione, Riccardo Guidotti, Cristiano Landi",,"Lecture Notes in Computer Science, Machine Learning and Knowledge Discovery in Databases. Research Track",15126,,,,,1
114,158,CMM2025,TRUE,TRUE,SafeGen: safeguarding privacy and fairness through a genetic method,"To ensure that Machine Learning systems produce unharmful outcomes, pursuing a joint optimization of performance and ethical profiles such as privacy and fairness is crucial. However, jointly optimizing these two ethical dimensions while maintaining predictive accuracy remains a fundamental challenge. Indeed, privacy-preserving techniques may worsen fairness and restrain the model’s ability to learn accurate statistical patterns, while data mitigation techniques may inadvertently compromise privacy. Aiming to bridge this gap, we propose safeGen, a preprocessing fairness enhancing and privacy-preserving method for tabular data. SafeGen employs synthetic data generation through a genetic algorithm to ensure that sensitive attributes are protected while maintaining the necessary statistical properties. We assess our method across multiple datasets, comparing it against state-of-the-art privacy-preserving and fairness approaches through a threefold evaluation: privacy preservation, fairness enhancement, and generated data plausibility. Through extensive experiments, we demonstrate that SafeGen consistently achieves strong anonymization while preserving or improving dataset fairness across several benchmarks. Additionally, through hybrid privacy-fairness constraints and the use of a genetic synthesizer, SafeGen ensures the plausibility of synthetic records while minimizing discrimination. Our findings demonstrate that modeling fairness and privacy within a unified generative method yields significantly better outcomes than addressing these constraints separately, reinforcing the importance of integrated approaches when multiple ethical objectives must be simultaneously satisfied.",https://doi.org/10.1007/s10994-025-06835-9,10.1007/s10994-025-06835-9,2025,Article in Journal,"ack ok, OA ok",TRUE,Gold,0,,,,"Martina Cinquini, Marta Marchiori Manerba, Federico Mazzoni, Francesca Pratesi, Riccardo Guidotti",,Machine Learning,114,,,,,5
115,159,SGP2025,TRUE,TRUE,Group Explainability through Local Approximation,"Machine learning models are becoming increasingly complex and widely adopted.     Interpretable machine learning allows us to not only make predictions but also understand the rationale behind automated decisions through explanations.     Explanations are typically characterized by their scope: local explanations are generated by local surrogate models for specific instances, while global explanations aim to approximate the behavior of the entire black-box model.     In this paper, we break this dichotomy of locality to explore an underexamined area that lies between these two extremes: meso-level explanations.     The goal of meso-level explainability is to provide explanations using a set of meso-level interpretable models, which capture patterns at an intermediate level of abstraction.     To this end, we propose GrouX, an explainable-by-design algorithm that generates meso-level explanations in the form of feature importance scores.     Our approach includes a partitioning phase that identifies meso groups, followed by the training of interpretable models within each group.     We evaluate GrouX on a collection of tabular datasets, reporting both the accuracy and complexity of the resulting meso models, and compare it against other meso-level explainability algorithms.     Additionally, we analyze the algorithm's sensitivity to its hyperparameters to better understand its behavior and robustness.",https://doi.org/10.3233/FAIA250902,10.3233/FAIA250902,2025,Publication in conference,"ack ok, OA ok",TRUE,Gold,0,,,,"Mattia Setzu, Riccardo Guidotti, Dino Pedreschi, Fosca Giannotti",1879-8314,"Frontiers in Artificial Intelligence and Applications, ECAI 2025",,ECAI 2025,952 - 958,NO,NO,2
116,160,CBS2025,TRUE,TRUE,An Interpretable Data-Driven Unsupervised Approach for the Prevention of Forgotten Items,"Accurately identifying items forgotten during a supermarket visit and providing clear, interpretable explanations for recommending them remains an underexplored problem within the Next Basket Prediction (NBP) domain. Existing NBP approaches typically only focus on forecasting future purchases, without explicitly addressing the detection of unintentionally omitted items. This gap is partly due to the scarcity of real-world datasets that allow for the reliable estimation of forgotten items. Furthermore, most current NBP methods rely on black-box models, which lack transparency and limit the ability to justify recommendations to end users. In this paper, we formally introduce the forgotten-item prediction task and propose two novel interpretable-by-design algorithms. These methods are tailored to identify forgotten items while offering intuitive, human-understandable explanations. Experiments on a real-world retail dataset show our algorithms outperform state-of-the-art NBP baselines by 10–15% across multiple evaluation metrics.",https://doi.org/10.3233/FAIA250912,10.3233/FAIA250912,2025,Publication in conference,"ack ok, OA ok",TRUE,Gold,0,,,,"Luca Corbucci, Javier Alejandro Borges Legrottaglie, Francesco Spinnato, Anna Monreale, Riccardo Guidotti",,"Frontiers in Artificial Intelligence and Applications, ECAI 2025",,,,,,1
117,163,NMG2025,TRUE,TRUE,Evaluating the Privacy Exposure of Interpretable Global and Local Explainers.,"During the last few years, the abundance of data has significantly boosted the performance of Machine Learning models, integrating them into several aspects of daily life. However, the rise of powerful Artificial Intelligence tools has introduced ethical and legal complexities. This paper proposes a computational framework to analyze the ethical and legal dimensions of Machine Learning models, focusing specifically on privacy concerns and interpretability. In fact, recently, the research community proposed privacy attacks able to reveal whether a record was part of the black-box training set or inferring variable values by accessing and querying a Machine Learning model. These attacks highlight privacy vulnerabilities and prove that GDPR regulation might be violated by making data or Machine Learning models accessible. At the same time, the complexity of these models, often labelled as “black-boxes”, has made the development of explanation methods indispensable to enhance trust and facilitate their acceptance and adoption in high-stake scenarios.",http://www.tdp.cat,,2025,article in Journal,"ack ok, OA ok",TRUE,Gold,0,,,"Trans. Data Priv. 18 (2), 67-93","Francesca Naretto, Anna Monreale, Fosca Giannotti",,Evaluating the Privacy Exposure of Interpretable Global and Local Explainers,18(2),,,,,"1,5"
118,134,CMP2024,TRUE,TRUE,Beyond Headlines: A Corpus of Femicides News Coverage in Italian Newspapers,"How newspapers cover news significantly impacts how facts are understood, perceived, and processed by the public. This is especially crucial when serious crimes are reported, e.g., in the case of femicides, where the description of the perpetrator and the victim builds a strong, often polarized opinion of this severe societal issue. This paper presents FMNews, a new dataset of articles reporting femicides extracted from Italian newspapers. Our core contribution aims to promote the development of a deeper framing and awareness of the phenomenon through an original resource available and accessible to the research community, facilitating further analyses on the topic. The paper also provides a preliminary study of the resulting collection through several example use cases and scenarios.",https://aclanthology.org/2024.clicit-1.21/,,2024,Publication in conference,"ack ok, OA ok",TRUE,Gold,0,,,,"Eleonora Cappuccio, Benedetta Muscato, Laura Pollacci, Marta Marchiori Manerba, Clara Punzi, Chandana Sree Mala, Margherita Lalli, Gizem Gezici, Michela Natilli, Fosca Giannotti",,CEUR,2024,"Aachen, Germany",,,,"4,5"
119,142,MBG2024bb,TRUE,TRUE,Multi-Perspective Stance Detection,"Subjective NLP tasks usually rely on human annotations provided by multiple annotators, whose judgments may vary due to their diverse backgrounds and life experiences. Traditional methods often aggregate multiple annotations into a single ground truth, disregarding the diversity in perspectives that arises from annotator disagreement. In this preliminary study, we examine the effect of including multiple annotations on model accuracy in classification. Our methodology investigates the performance of perspectiveaware classification models in stance detection task and further inspects if annotator disagreement affects the model confidence. The results show that multi-perspective approach yields better classification performance outperforming the baseline which uses the single label. This entails that designing more inclusive perspective-aware AI models is not only an essential first step in implementing responsible and ethical AI, but it can also achieve superior results than using the traditional approaches.",https://ceur-ws.org/Vol-3825/short6-4.pdf,,2024,Publication in conference,"ack ok, OA ok",TRUE,Gold,0,,,,"Benedetta Muscato, Praveen Bushipaka, Gizem Gezici, Lucia Passaro, Fosca Giannotti",,CEUR,2024,"Aachen, Germany",,,,"4,5"
,1,GMR2018a,,FALSE,Local Rule-Based Explanations of Black Box Decision Systems,"The recent years have witnessed the rise of accurate but obscure decision systems which hide the logic of their internal decision processes to the users. The lack of explanations for the decisions of black box systems is a key ethical issue, and a limitation to the adoption of achine learning components in socially sensitive and safety-critical contexts. Therefore, we need explanations that reveals the reasons why a predictor takes a certain decision. In this paper we focus on the problem of black box outcome explanation, i.e., explaining the reasons of the decision taken on a specific instance. We propose LORE, an agnostic method able to provide interpretable and faithful explanations. LORE first leans a local interpretable predictor on a synthetic neighborhood generated by a genetic algorithm. Then it derives from the logic of the local interpretable predictor a meaningful explanation consisting of: a decision rule, which explains the reasons of the decision; and a set of counterfactual rules, suggesting the changes in the instance's features that lead to a different outcome. Wide experiments show that LORE outperforms existing methods and baselines both in the quality of explanations and in the accuracy in mimicking the black box.",https://arxiv.org/abs/1805.10820,1805.10820,2018,Arxive pre-print,Pre-XAI,FALSE,,,,Arxive preprint,Arxive,"Guidotti Riccardo, Monreale Anna, Ruggieri Salvatore , Pedreschi Dino, Turini Franco , Giannotti Fosca",,,,,,,,1
,2,PGG2018,,FALSE,Open the Black Box Data-Driven Explanation of Black Box Decision Systems,"Black box systems for automated decision making, often based on machine learning over (big) data, map a user's features into a class or a score without exposing the reasons why. This is problematic not only for lack of transparency, but also for possible biases hidden in the algorithms, due to human prejudices and collection artifacts hidden in the training data, which may lead to unfair or wrong decisions. We introduce the local-to-global framework for black box explanation, a novel approach with promising early results, which paves the road for a wide spectrum of future developments along three dimensions: (i) the language for expressing explanations in terms of highly expressive logic-based rules, with a statistical and causal interpretation; (ii) the inference of local explanations aimed at revealing the logic of the decision adopted for a specific instance by querying and auditing the black box in the vicinity of the target instance; (iii), the bottom-up generalization of the many local explanations into simple global ones, with algorithms that optimize the quality and comprehensibility of explanations.",https://arxiv.org/abs/1806.09936,1806.09936,2018,Arxive pre-print,Pre-XAI,FALSE,,,,Arxive preprint,Arxive,"Pedreschi Dino, Giannotti Fosca, Guidotti Riccardo, Monreale Anna , Pappalardo Luca , Ruggieri Salvatore , Turini Franco ",,,,,,,,1
,3,GMP2019,,FALSE,The AI black box explanation problem,"The use of machine learning in decision-making has triggered an intense debate about “fair algorithms”. Given that fairness intuitions differ and can led to conflicting technical requirements, there is a pressing need to integrate ethical thinking into research and design of machine learning. We outline a framework showing how this can be done.",https://ercim-news.ercim.eu/images/stories/EN116/EN116-web.pdf#page=12,,2019,book-chapter,ack no,FALSE,,,,"ERCIM News, 116, 12-13",ERCIM – the European Research Consortium for Informatics and Mathematics,"Guidotti Riccardo, Monreale Anna, Pedreschi Dino",,"ERCIM News, 116, 12-13",2019,,,,,"1,2,3"
,4,M2020,,FALSE,Rischi etico-legali dell’Intelligenza Artificiale,"Nowadays, a wide variety of personal data, describing directly or indirectly individuals’ activities, are collected and available, due to the spread of different apps, sensors and mobile devices. The availability of such data opens unprecedented opportunities of developing AI systems exploiting those data to provide a wide range of benefits in different domains. Unfortunately, in a critical domain like healthcare and justice the development and the application of AI systems can rise many ethical and legal concerns. This article discusses the ethical and legal implication in terms of privacy and transparency, also providing an overview on the different approaches to ethics across the world.",https://www.dpceonline.it/index.php/dpceonline/article/view/1083,,2020,book-chapter,ack no,FALSE,,,,"DPCE Online, [S.l.], v. 44, n. 3",,Monreale Anna,2037-6677,"DPCE Online, [S.l.], v. 44, n. 3, oct. 2020. ISSN 2037-6677",2020,,,,,5
,5,BPP2020,,FALSE,Explainability Methods for Natural Language Processing: Applications to Sentiment Analysis,,https://ceur-ws.org/Vol-2646/18-paper.pdf,,2020,discussion paper,ack no,FALSE,,,,Discussion Paper,,"Bodria Francesco, Panisson André , Perotti Alan, Piaggesi Simone ",,,,,,,,1
,9,GMC2019,TRUE,FALSE,Investigating Neighborhood Generation Methods for Explanations of Obscure Image Classifiers,"Given the wide use of machine learning approaches based on opaque prediction models, understanding the reasons behind decisions of black box decision systems is nowadays a crucial topic. We address the problem of providing meaningful explanations in the widely-applied image classification tasks. In particular, we explore the impact of changing the neighborhood generation function for a local interpretable model-agnostic explanator by proposing four different variants. All the proposed methods are based on a grid-based segmentation of the images, but each of them proposes a different strategy for generating the neighborhood of the image for which an explanation is required. A deep experimentation shows both improvements and weakness of each proposed approach.",https://dx.doi.org/10.1007/978-3-030-16148-4_5,10.1007/978-3-030-16148-4_5,2021,book-chapter,"ack no, OA no",FALSE,NO,,,Advances in Knowledge Discovery and Data Mining,Springer International Publishing,"Guidotti Riccardo, Monreale Anna, Cariaggi Leonardo",0302-9743,"In Pacific-Asia Conference on Knowledge Discovery and Data Mining (pp. 55-68). Springer, Cham.",2019,,,,,1
,10,PGM2019,TRUE,FALSE,Explaining Multi-label Black-Box Classifiers for Health Applications,"Today the state-of-the-art performance in classification is achieved by the so-called “black boxes”, i.e. decision-making systems whose internal logic is obscure. Such models could revolutionize the health-care system, however their deployment in real-world diagnosis decision support systems is subject to several risks and limitations due to the lack of transparency. The typical classification problem in health-care requires a multi-label approach since the possible labels are not mutually exclusive, e.g. diagnoses. We propose MARLENA, a model-agnostic method which explains multi-label black box decisions. MARLENA explains an individual decision in three steps. First, it generates a synthetic neighborhood around the instance to be explained using a strategy suitable for multi-label decisions. It then learns a decision tree on such neighborhood and finally derives from it a decision rule that explains the black box decision. Our experiments show that MARLENA performs well in terms of mimicking the black box behavior while gaining at the same time a notable amount of interpretability through compact decision rules, i.e. rules with limited length.",https://dx.doi.org/10.1007/978-3-030-24409-5_9,10.1007/978-3-030-24409-5_9,2021,book-chapter,Pre-XAI,FALSE,,,,Precision Health and Medicine,Springer International Publishing,"Panigutti Cecilia, Guidotti Riccardo, Monreale Anna, Pedreschi Dino",1860-949X,"International Workshop on Health Intelligence (pp. 97-110). Springer, Cham.",2019,,,,,"1,4"
,13,PGG2019,TRUE,FALSE,Meaningful Explanations of Black Box AI Decision Systems,"Black box AI systems for automated decision making, often based on machine learning over (big) data, map a user’s features into a class or a score without exposing the reasons why. This is problematic not only for lack of transparency, but also for possible biases inherited by the algorithms from human prejudices and collection artifacts hidden in the training data, which may lead to unfair or wrong decisions. We focus on the urgent open challenge of how to construct meaningful explanations of opaque AI/ML systems, introducing the local-toglobal framework for black box explanation, articulated along three lines: (i) the language for expressing explanations in terms of logic rules, with statistical and causal interpretation; (ii) the inference of local explanations for revealing the decision rationale for a specific case, by auditing the black box in the vicinity of the target instance; (iii), the bottom-up generalization of many local explanations into simple global ones, with algorithms that optimize for quality and comprehensibility. We argue that the local-first approach opens the door to a wide variety of alternative solutions along different dimensions: a variety of data sources (relational, text, images, etc.), a variety of learning problems (multi-label classification, regression, scoring, ranking), a variety of languages for expressing meaningful explanations, a variety of means to audit a black box.",https://dx.doi.org/10.1609/aaai.v33i01.33019780,10.1609/aaai.v33i01.33019780,2021,journal-article,Pre-XAI,FALSE,,,,Proceedings of the AAAI Conference on Artificial Intelligence,Association for the Advancement of Artificial Intelligence (AAAI),"Pedreschi Dino, Giannotti Fosca, Guidotti Riccardo, Monreale Anna, Ruggieri Salvatore, Turini Franco",2374-3468,Proceedings of the AAAI Conference on Artificial Intelligence,33 (01) 2019-07-17,,9780-9784,,,1
,14,GMM2019,TRUE,FALSE,Black Box Explanation by Learning Image Exemplars in the Latent Feature Space,"We present an approach to explain the decisions of black box models for image classification. While using the black box to label images, our explanation method exploits the latent feature space learned through an adversarial autoencoder. The proposed method first generates exemplar images in the latent feature space and learns a decision tree classifier. Then, it selects and decodes exemplars respecting local decision rules. Finally, it visualizes them in a manner that shows to the user how the exemplars can be modified to either stay within their class, or to become counter-factuals by “morphing” into another class. Since we focus on black box decision systems for image classification, the explanation obtained from the exemplars also provides a saliency map highlighting the areas of the image that contribute to its classification, and areas of the image that push it into another class. We present the results of an experimental evaluation on three datasets and two black box models. Besides providing the most useful and interpretable explanations, we show that the proposed method outperforms existing explainers in terms of fidelity, relevance, coherence, and stability.",https://dx.doi.org/10.1007/978-3-030-46150-8_12,10.1007/978-3-030-46150-8_12,2021,book-chapter,ack no,FALSE,,,,Machine Learning and Knowledge Discovery in Databases,Springer International Publishing,"Guidotti Riccardo, Monreale Anna, Matwin Stan, Pedreschi Dino",0302-9743,Black Box Explanation by Learning Image Exemplars in the Latent Feature Space.,"LNCS, volume 11906, 30 April 2020",,189-205,NO,YES,"1,4"
,16,SGM2019,TRUE,FALSE,Global Explanations with Local Scoring,"Artificial Intelligence systems often adopt machine learning models encoding complex algorithms with potentially unknown behavior. As the application of these “black box” models grows, it is our responsibility to understand their inner working and formulate them in human-understandable explanations. To this end, we propose a rule-based model-agnostic explanation method that follows a local-to-global schema: it generalizes a global explanation summarizing the decision logic of a black box starting from the local explanations of single predicted instances. We define a scoring system based on a rule relevance score to extract global explanations from a set of local explanations in the form of decision rules. Experiments on several datasets and black boxes show the stability, and low complexity of the global explanations provided by the proposed solution in comparison with baselines and state-of-the-art global explainers.",https://dx.doi.org/10.1007/978-3-030-43823-4_14,10.1007/978-3-030-43823-4_14,2021,book-chapter,"ack no, OA no",FALSE,NO,,,Machine Learning and Knowledge Discovery in Databases,Springer International Publishing,"Setzu Mattia, Guidotti Riccardo, Monreale Anna, Turini Franco",1865-0929,ECML PKDD 2019: Machine Learning and Knowledge Discovery in Databases,March 2020,,159-171,NO,YES,1
,19,GPP2019,,FALSE,I.A. comprensibile per il supporto alle decisioni: doctor XAI,"La crisi sanitaria ha trasformato le relazioni tra Stato e cittadini, conducendo a limitazioni temporanee dei diritti fondamentali e facendo emergere conflitti tra le due dimensioni della salute, come diritto della persona e come diritto della comunità, e tra il diritto alla salute e le esigenze del sistema economico. Per far fronte all’emergenza, si è modificato il tradizionale equilibrio tra i poteri dello Stato, in una prospettiva in cui il tempo dell’emergenza sembra proiettarsi ancora a lungo sul futuro. La pandemia ha inoltre potenziato la centralità del digitale, dall’utilizzo di software di intelligenza artificiale per il tracciamento del contagio alla nuova connettività del lavoro remoto, passando per la telemedicina. Le nuove tecnologie svolgono un ruolo di prevenzione e controllo, ma pongono anche delicate questioni costituzionali: come tutelare la privacy individuale di fronte al Panopticon digitale? Come inquadrare lo statuto delle piattaforme digitali, veri e propri poteri tecnologici privati, all’interno dei nostri ordinamenti? La ricerca presentata in questo volume e nei due volumi collegati propone le riflessioni su questi temi di studiosi afferenti a una moltitudine di aree disciplinari: medici, giuristi, ingegneri, esperti di robotica e di IA analizzano gli effetti dell’emergenza sanitaria sulla tenuta del modello democratico occidentale, con l’obiettivo di aprire una riflessione sulle linee guida per la ricostruzione del Paese, oltre la pandemia. In particolare, questo terzo volume affronta gli aspetti legati all’impatto della tecnologia digitale e dell’IA sui processi, sulla scuola e sulla medicina, con una riflessione su temi quali l’organizzazione della giustizia, le responsabilità, le carenze organizzative degli enti.",https://www.mulino.it/isbn/9788815293060#,,2019,book-chapter,ack no,FALSE,,,,"Biopolitica, Pandemia e democrazia. Rule of law nella società digitale",Il Mulino,"Giannotti Fosca, Pedreschi Dino, Panigutti Cecilia",,"BIOPOLITICA, PANDEMIA E DEMOCRAZIA Rule of law nella società digitale",April 2021,,,,,4
,20,PMC2022,,FALSE,I.A. comprensibile per il supporto alle decisioni: doctor XAI,"Biology, medicine and biochemistry have become data-centric fields for which Deep Learning methods are delivering groundbreaking results. Addressing high impact challenges, Deep Learning in Biology and Medicine provides an accessible and organic collection of Deep Learning essays on bioinformatics and medicine. It caters for a wide readership, ranging from machine learning practitioners and data scientists seeking methodological knowledge to address biomedical applications, to life science specialists in search of a gentle reference for advanced data analytics.With contributions from internationally renowned experts, the book covers foundational methodologies in a wide spectrum of life sciences applications, including electronic health record processing, diagnostic imaging, text processing, as well as omics-data processing. This survey of consolidated problems is complemented by a selection of advanced applications, including cheminformatics and biomedical interaction network analysis. A modern and mindful approach to the use of data-driven methodologies in the life sciences also requires careful consideration of the associated societal, ethical, legal and transparency challenges, which are covered in the concluding chapters of this book.",https://www.worldscientific.com/worldscibooks/10.1142/q0322,10.1142/q0322,2022,book-chapter,ack no,FALSE,,,,Deep Learning in Biology and Medicine,World Scientific Publishing,"Panigutti Cecilia, Monreale Anna, Comandè Giovanni, Pedreschi Dino",,Deep Learning in Biology and Medicine,TBD - Accepted,,TBD,NO,YES,4
,22,PB2021,TRUE,FALSE,"Intelligenza artificiale in ambito diabetologico: prospettive, dalla ricerca di base alle applicazioni cliniche",,10.30682/ildia2101f,10.30682/ildia2101f,2021,journal-article,"ack ok, OA no",FALSE,NO,,,"Il Diabete Online, Organo ufficiale della Società Italiana di Diabetologia, Medicina traslazionale: Applicazioni cliniche della ricerca di base, Vol. 33, N. 1 2021",Il Diabete Online,"Panigutti Cecilia, Bosi Emanuele",,Il Diabete,,,,,YES,4
,27,MBG2021,,FALSE,Explainable Deep Image Classifiers for Skin Lesion Diagnosis,"A key issue in critical contexts such as medical diagnosis is the interpretability of the deep learning models adopted in decision-making systems. Research in eXplainable Artificial Intelligence (XAI) is trying to solve this issue. However, often XAI approaches are only tested on generalist classifier and do not represent realistic problems such as those of medical diagnosis. In this paper, we analyze a case study on skin lesion images where we customize an existing XAI approach for explaining a deep learning model able to recognize different types of skin lesions. The explanation is formed by synthetic exemplar and counter-exemplar images of skin lesion and offers the practitioner a way to highlight the crucial traits responsible for the classification decision. A survey conducted with domain experts, beginners and unskilled people proof that the usage of explanations increases the trust and confidence in the automatic decision system. Also, an analysis of the latent space adopted by the explainer unveils that some of the most frequent skin lesion classes are distinctly separated. This phenomenon could derive from the intrinsic characteristics of each class and, hopefully, can provide support in the resolution of the most frequent misclassifications by human experts.",https://arxiv.org/abs/2111.11863,2111.11863v1,2021,Arxive pre-print,"giù aggiunto, pubblicato e inserito nel portale EU con ID EU 40, ",FALSE,,,,Arxive preprint,Arxive,"Metta Carlo, Beretta Andrea, Guidotti Riccardo, Yin Yuan, Gallinari Patrick, Rinzivillo Salvatore, Giannotti Fosca",,International Journal of Data Science and Analytics,,,,,,"1,3,4"
,31,GSN2021,TRUE,FALSE,Helping Your Docker Images to Spread Based on Explainable Models,"Docker is on the rise in today’s enterprise IT. It permits shipping applications inside portable containers, which run from so-called Docker images. Docker images are distributed in public registries, which also monitor their popularity. The popularity of an image impacts on its actual usage, and hence on the potential revenues for its developers. In this paper, we present a solution based on interpretable decision tree and regression trees for estimating the popularity of a given Docker image, and for understanding how to improve an image to increase its popularity. The results presented in this work can provide valuable insights to Docker developers, helping them in spreading their images. Code related to this paper is available at: https://github.com/di-unipi-socc/DockerImageMiner.",https://dx.doi.org/10.1007/978-3-030-10997-4_13,10.1007/978-3-030-10997-4_13,2021,book-chapter,Pre-XAI,FALSE,,,,Machine Learning and Knowledge Discovery in Databases,Springer International Publishing,"Guidotti Riccardo, Soldani Jacopo, Neri Davide, Brogi Antonio, Pedreschi Dino",0302-9743,"In Joint European Conference on Machine Learning and Knowledge Discovery in Databases (pp. 205-221). Springer, Cham.",2018,,,,,1
,33,CDF2021,TRUE,FALSE,Trustworthy AI,"Modern AI systems have become of widespread use in almost all sectors with a strong impact on our society. However, the very methods on which they rely, based on Machine Learning techniques for processing data to predict outcomes and to make decisions, are opaque, prone to bias and may produce wrong answers. Objective functions optimized in learning systems are not guaranteed to align with the values that motivated their definition. Properties such as transparency, verifiability, explainability, security, technical robustness and safety, are key to build operational governance frameworks, so that to make AI systems justifiably trustworthy and to align their development and use with human rights and values.",https://dx.doi.org/10.1007/978-3-030-69128-8_2,10.1007/978-3-030-69128-8_2,2022,book-chapter,"ack no, OA no",FALSE,NO,,,Reflections on Artificial Intelligence for Humanity,Springer International Publishing,"Chatila Raja, Dignum Virginia, Fisher Michael, Giannotti Fosca, Morik Katharina, Russell Stuart, Yeung Karen",0302-9743,"Lecture Notes in Computer Science,",vol 12600,,,,,5
,34,GMR2018,TRUE,FALSE,A Survey of Methods for Explaining Black Box Models,"In recent years, many accurate decision support systems have been constructed as black boxes, that is as systems that hide their internal logic to the user. This lack of explanation constitutes both a practical and an ethical issue. The literature reports many approaches aimed at overcoming this crucial weakness, sometimes at the cost of sacrificing accuracy for interpretability. The applications in which black box decision systems can be used are various, and each approach is typically developed to provide a solution for a specific problem and, as a consequence, it explicitly or implicitly delineates its own definition of interpretability and explanation. The aim of this article is to provide a classification of the main problems addressed in the literature with respect to the notion of explanation and the type of black box system. Given a problem definition, a black box type, and a desired explanation, this survey should help the researcher to find the proposals more useful for his own work. The proposed classification of approaches to open black box models should also be useful for putting the many research open questions in perspective.",https://dx.doi.org/10.1145/3236009,10.1145/3236009,2022,journal-article,Pre-XAI,FALSE,,,,ACM Computing Surveys,Association for Computing Machinery (ACM),"Guidotti Riccardo, Monreale Anna, Ruggieri Salvatore, Turini Franco, Giannotti Fosca, Pedreschi Dino",0360-0300,"ACM computing surveys (CSUR), 51(5), 1-42.",2018,,,,,"1,3"
,39,BGG2021,TRUE,FALSE,Benchmarking and survey of explanation methods for black box models,"The widespread adoption of black-box models in Artificial Intelligence has enhanced the need for explanation methods to reveal how these obscure models reach specific decisions. Retrieving explanations is fundamental to unveil possible biases and to resolve practical or ethical issues. Nowadays, the literature is full of methods with different explanations. We provide a categorization of explanation methods based on the type of explanation returned. We present the most recent and widely used explainers, and we show a visual comparison among explanations and a quantitative benchmarking.",https://doi.org/10.1007/s10618-023-00933-9,10.1007/s10618-023-00933-9,2023,arxiv,giù aggiunto,FALSE,NO,,,Data Mining and Knowledge Discovery,Springer International Publishing,"Bodria Francesco, Giannotti Fosca, Guidotti Riccardo, Naretto Francesca, Pedreschi Dino, Rinzivillo Salvatore",1384-5810,Data Mining and Knowledge Discovery,2023,,,,,"1, 3"
,43,BRF2022b,TRUE,FALSE,Explaining Black Box with visual exploration of Latent Space,"Autoencoders are a powerful yet opaque feature reduction technique, on top of which we propose a novel way for the joint visual exploration of both latent and real space. By interactively exploiting the mapping between latent and real features, it is possible to unveil the meaning of latent features while providing deeper insight into the original variables. To achieve this goal, we exploit and re-adapt existing approaches from eXplainable Artificial Intelligence (XAI) to understand the relationships between the input and latent features. The uncovered relationships between input features and latent ones allow the user to understand the data structure concerning external variables such as the predictions of a classification model. We developed an interactive framework that visually explores the latent space and allows the user to understand the relationships of the input features with model prediction.",https://diglib.eg.org/handle/10.2312/evs20221098,10.2312/evs20221098,2022,proceedings-article,già aggiunto,FALSE,,,,EUROVIS 2022,The Eurographics Association,"Bodria Francesco, Rinzivillo Salvatore, Fadda Daniele, Guidotti Riccardo, Fosca Giannotti, Pedreschi Dino",,Proceedings of the 2022 Conference Eurovis 2022,2022,Rome,,,,3
,44,MG2022,TRUE,FALSE,Investigating Debiasing Effects on Classification and Explainability,"During each stage of a dataset creation and development process, harmful biases can be accidentally introduced, leading to models that perpetuates marginalization and discrimination of minorities, as the role of the data used during the training is critical. We propose an evaluation framework that investigates the impact on classification and explainability of bias mitigation preprocessing techniques used to assess data imbalances concerning minorities' representativeness and mitigate the skewed distributions discovered. Our evaluation focuses on assessing fairness, explainability and performance metrics. We analyze the behavior of local model-agnostic explainers on the original and mitigated datasets to examine whether the proxy models learned by the explainability techniques to mimic the black-boxes disproportionately rely on sensitive attributes, demonstrating biases rooted in the explainers. We conduct several experiments about known biased datasets to demonstrate our proposal’s novelty and effectiveness for evaluation and bias detection purposes.",https://dl.acm.org/doi/10.1145/3514094.3534170,10.1145/3514094.3534170,2022,proceedings-article,"ack ok, OA no",TRUE,NO,,,"Conference on AI, Ethics, and Society (AIES 2022)",,"Marta Marchiori Manerba, Guidotti Riccardo",,"Proceedings of the 2022 AAAI/ACM Conference on AI, Ethics, and Society (AIES'22)",2022,,,,,"1,5"
,48,MGP2022,,FALSE,Bias Discovery within Human Raters: A Case Study of the Jigsaw Dataset,"Understanding and quantifying the bias introduced by human annotation of data is a crucial problem for trustworthy supervised learning. Recently, a perspectivist trend has emerged in the NLP community, focusing on the inadequacy of previous aggregation schemes, which suppose the existence of single ground truth. This assumption is particularly problematic for sensitive tasks involving subjective human judgments, such as toxicity detection. To address these issues, we propose a preliminary approach for bias discovery within human raters by exploring individual ratings for specific sensitive topics annotated in the texts. Our analysis{'}s object consists of the Jigsaw dataset, a collection of comments aiming at challenging online toxicity identification.",https://aclanthology.org/2022.nlperspectives-1.4,,2022,proceedings-article,ack no,FALSE,NO,,,Proceedings of the 1st Workshop on Perspectivist Approaches to NLP @LREC2022,European Language Resources Association,"Marta Marchiori Manerba, Riccardo Guidotti, Lucia Passaro, Salvatore Ruggieri",,Proceedings of the 1st Workshop on Perspectivist Approaches to NLP @LREC2022,2022,"Marseille, France",26 - 31,,,2
,49,NPR2022,TRUE,FALSE,Methods and tools for causal discovery and causal inference,"Causality is a complex concept, which roots its developments across several fields, such as statistics, economics, epidemiology, computer science, and philosophy. In recent years, the study of causal relationships has become a crucial part of the Artificial Intelligence community, as causality can be a key tool for overcoming some limitations of correlation-based Machine Learning systems. Causality research can generally be divided into two main branches, that is, causal discovery and causal inference. The former focuses on obtaining causal knowledge directly from observational data. The latter aims to estimate the impact deriving from a change of a certain variable over an outcome of interest. This article aims at covering several methodologies that have been developed for both tasks. This survey does not only focus on theoretical aspects. But also provides a practical toolkit for interested researchers and practitioners, including software, datasets, and running examples.", https://doi.org/10.1002/widm.1449,10.1002/widm.1449,2022,journal-article,ack no,FALSE,Gold,,SNS,Wires Data Mining and Knowledge Discovery,Wire's Wiley Interdisciplinary Reviews,"Ana Rita Nogueira, Andrea Pugnana, Salvatore Ruggieri, Dino Pedreschi, João Gama",1942-4795,Wires Data Mining and Knowledge Discovery,2022,"Danvers, MS, USA",,,,2
,51,LCM2023,TRUE,FALSE,Modeling Events and Interactions through Temporal Processes -- A Survey,"In real-world scenario, many phenomena produce a collection of events that occur in continuous time. Point Processes provide a natural mathematical framework for modeling these sequences of events. In this survey, we investigate probabilistic models for modeling event sequences through temporal processes. We revise the notion of event modeling and provide the mathematical foundations that characterize the literature on the topic. We define an ontology to categorize the existing approaches in terms of three families: simple, marked, and spatio-temporal point processes. For each family, we systematically review the existing approaches based based on deep learning. Finally, we analyze the scenarios where the proposed techniques can be used for addressing prediction and modeling aspects.",https://doi.org/10.48550/arxiv.2303.06067,10.48550/ARXIV.2303.06067,2023,arxiv,"ancora under review, non inserito",TRUE,,,,Arxive preprint,Arxiv,"Liguori Angelica, Caroprese Luciano, Minici Marco, Veloso Bruno, Spinnato Francesco, Nanni Mirco, Manco Giuseppe, Gama Joao",,,10 mar 2023,,,,,1
,119,GGG,TRUE,FALSE,"""Learning by surprise"": a new characterization and mitigation strategy of model collapse in LLM autophagy",,,,,Publication in conference,ack no,FALSE,,,,,,"Daniele Gambetta, Gizem Gezici, Fosca Giannotti, Dino Pedreschi, Alistair Knott, Luca Pappalardo",,,,,,,,1
,120,SFF2025,TRUE,FALSE,"MAINLE: a Multi-Agent, Interactive, Natural Language Local Explainer of Classification Tasks",,,,2025,Publication in conference,"ack ok, OA no",TRUE,NO,,,,,"Paulo Bruno Serafim, Romula Ferrer Filho, STENIO Freitas, Gizem Gezici, Fosca Giannotti, Franco Raimondi, Alexandre Santos",,,,,,,,"1,3"
,126,HCC2025,TRUE,,FeDa4Fair: Client-Level Federated Datasets for Fairness Evaluation,"Federated Learning (FL) enables collaborative model training across multiple clients without sharing clients' private data. However, fairness remains a key concern, as biases in local clients' datasets can impact the entire federated system. Heterogeneous data distributions across clients may lead to models that are fairer for some clients than others. Although several fairness-enhancing solutions are present in the literature, most focus on mitigating bias for a single sensitive attribute, typically binary, overlooking the diverse and sometimes conflicting fairness needs of different clients. This limited perspective can limit the effectiveness of fairness interventions for the different clients. To support more robust and reproducible fairness research in FL, we aim to enable a consistent benchmarking of fairness-aware FL methods at both the global and client levels. In this paper, we contribute in three ways: (1) We introduce FeDa4Fair, a library to generate tabular datasets tailored to evaluating fair FL methods under heterogeneous client bias; (2) we release four bias-heterogeneous datasets and corresponding benchmarks to compare fairness mitigation methods in a controlled environment; (3) we provide ready-to-use functions for evaluating fairness outcomes for these datasets.",,,2025,Publication in conference,"sì xai, [NO DOI, dove è pubblicato?]",TRUE,Gold,,,,,"Xenia Heilmann, Luca Corbucci, Mattia Cerrato, Anna Monreale",,,,,,,,5
,127,CMZ2025,TRUE,FALSE,A Bias Injection Technique to Assess the Resilience of Causal Discovery Methods,"Causal discovery (CD) algorithms are increasingly applied to socially and ethically sensitive domains. However, their evaluation under realistic conditions remains challenging due to the scarcity of real-world datasets annotated with ground-truth causal structures. Whereas synthetic data generators support controlled benchmarking, they often overlook forms of bias, such as dependencies involving sensitive attributes, which may significantly affect the observed distribution and compromise the trustworthiness of downstream analysis. This paper introduces a novel synthetic data generation framework that enables controlled bias injection while preserving the causal relationships specified in a ground-truth causal graph. The framework aims to evaluate the reliability of CD methods by examining the impact of varying bias levels and outcome binarization thresholds. Experimental results show that even moderate bias levels can lead CD approaches to fail to correctly infer causal links, particularly those connecting sensitive attributes to decision outcomes. These findings underscore the need for expert validation and highlight the limitations of current CD methods in fairness-critical applications. Our proposal thus provides an essential tool for benchmarking and improving CD algorithms in biased, real-world data settings.",https://doi.org/10.1109/ACCESS.2025.3573201,10.1109/ACCESS.2025.3573201,2025,Article in journal,ack no,FALSE,Gold,,,,,"Martina Cinquini, Karima Makhlouf, Sami Zhioua, Catuscia Palamidessi, Riccardo Guidotti",2169-3536,IEEE Access,2025-06-06,,1--1,,,"2,5"
,128,ZPR2024,TRUE,FALSE,One-Shot Clustering for Federated Learning,"Federated Learning (FL) is a widespread and well-adopted paradigm of decentralized learning that allows training one model from multiple sources without the need to directly transfer data between participating clients. Since its inception in 2015, it has been divided into numerous sub-fields that deal with application-specific issues, be it data heterogeneity or resource allocation. One such sub-field, Clustered Federated Learning (CFL), is dealing with the problem of clustering the population of clients into separate cohorts to deliver personalized models. Although few remarkable works have been published in this domain, the problem is still largely unexplored, as its basic assumption and settings are slightly different from standard FL. In this work, we present One-Shot Clustered Federated Learning (OCFL), a clustering-agnostic algorithm that can automatically detect the earliest suitable moment for clustering. Our algorithm is based on the computation of cosine similarity between gradients of the clients and a temperature measure that detects when the federated model starts to converge. We empirically evaluate our methodology by testing various one-shot clustering algorithms for over thirty different tasks on three benchmark datasets. Our experiments showcase the good performance of our approach when used to perform CFL in an automated manner without the need to adjust hyperparameters.",https://doi.org/10.1109/BigData62323.2024.10825763,10.1109/BigData62323.2024.10825763,2024,Publication in conference,"ack no, OA no",FALSE,NO,,,,IEEE,"Maciej Krzysztof Zuziak, Roberto Pellungrini, Salvatore Rinzivillo",,2024 IEEE International Conference on Big Data (BigData),2025-03-06,"Washington, DC, USA",8108--8117,,,1
,129,BCN2025,,FALSE,BCN2025,"Explaining the reasoning behind black-box model predictions while preserving user privacy is a significant challenge. This becomes even more complex in Federated Learning, where legal constraints restrict the data that clients can share with external entities. 
In this paper, we introduce Fastshap++, a method that adapts Fastshap to explain Federated Learning trained models. Unlike existing approaches, Fastshap++ mitigates client privacy risks by incorporating Differential Privacy into the explanation process and preventing the exchange of sensitive information between clients and external entities.
We evaluate the effectiveness of Fastshap++ testing it on three different datasets, and comparing the explanations with those produced by a centralized explainer with access to clients' training data. Lastly, we study the impact of varying levels of Differential Privacy to analyse the trade-offs between privacy and the quality of the explanations.",,,2025,Publication in conference,[No info. penso sia in pubblicazione],TRUE,,,,,,"Valerio Bonsignori, Luca Corbucci, Francesca Naretto, Anna Monreale",,,,"Rome, Italy",,,,"1,5"
,131,PMG2025,TRUE,FALSE,Deferring Concept Bottleneck Models: Learning to Defer Interventions to Inaccurate Experts,,,,2025,Publication in conference,"sì ack xai [non ancora pubblicato, accettato a NeurIPS2025, sarà in openacees]",TRUE,Gold,,,,,"Andrea Pugnana, Riccardo Massidda, Francesco Giannini, Pietro Barbiero, Mateo Espinosa Zarlenga, Roberto Pellungrini, Gabriele Dominici, Fosca Giannotti, Davide Bacciu",,,,,,,,"1,2"
,132,GGG2025,TRUE,FALSE,Characterizing Model Collapse in Large Language Models Using Semantic Networks and Next-Token Probability,"As synthetic content increasingly infiltrates the web, generative AI models may experience an autophagy process, where they are fine-tuned using their own outputs. This autophagy could lead to a phenomenon known as model collapse, which entails a degradation in the performance and diversity of generative AI models over successive generations. Recent studies have explored the emergence of model collapse across various generative AI models and types of data. However, the current characterizations of model collapse tend to be simplistic and lack comprehensive evaluation. In this article, we conduct a thorough investigation of model collapse across three text datasets, utilizing semantic networks to analyze text repetitiveness and diversity, while employing next-token probabilities to quantify the loss of diversity. We also examine how the proportions of synthetic tokens affect the severity of model collapse and perform cross-dataset evaluations to identify domain-specific variations. By proposing metrics and strategies for a more detailed assessment of model collapse, our study provides new insights for the development of robust generative AI systems.",https://doi.org/10.48550/arXiv.2410.12341,10.48550/arXiv.2410.12341,2025,Preprint/Other,,TRUE,,,,arXiv:2410.12341,arXiv,"Daniele Gambetta, Gizem Gezici, Fosca Giannotti, Dino Pedreschi, Alistair Knott, Luca Pappalardo",,,2025-02-20,,,,,2
,133,PFC2024,TRUE,FALSE,"A survey on the impact of AI-based recommenders on human behaviours: methodologies, outcomes and future directions","Recommendation systems and assistants (in short, recommenders) are ubiquitous in online platforms and influence most actions of our day-to-day lives, suggesting items or providing solutions based on users' preferences or requests. This survey analyses the impact of recommenders in four human-AI ecosystems: social media, online retail, urban mapping and generative AI ecosystems. Its scope is to systematise a fast-growing field in which terminologies employed to classify methodologies and outcomes are fragmented and unsystematic. We follow the customary steps of qualitative systematic review, gathering 144 articles from different disciplines to develop a parsimonious taxonomy of: methodologies employed (empirical, simulation, observational, controlled), outcomes observed (concentration, model collapse, diversity, echo chamber, filter bubble, inequality, polarisation, radicalisation, volume), and their level of analysis (individual, item, model, and systemic). We systematically discuss all findings of our survey substantively and methodologically, highlighting also potential avenues for future research. This survey is addressed to scholars and practitioners interested in different human-AI ecosystems, policymakers and institutional stakeholders who want to understand better the measurable outcomes of recommenders, and tech companies who wish to obtain a systematic view of the impact of their recommenders.",https://doi.org/10.48550/arXiv.2407.01630,10.48550/arXiv.2407.01630,2024,Preprint/Other,"sì xai, dove è pubblicato? Giovanni: è ancora su arXiv perché under review",TRUE,,,,arXiv:2407.01630,arXiv,"Luca Pappalardo, Emanuele Ferragina, Salvatore Citraro, Giuliano Cornacchia, Mirco Nanni, Giulio Rossetti, Gizem Gezici, Fosca Giannotti, Margherita Lalli, Daniele Gambetta, Giovanni Mauro, Virginia Morini, Valentina Pansanella, Dino Pedreschi",,,2025-02-20,,,,,"3,4,5"
,135,NMG2025,TRUE,TRUE,Evaluating the Privacy Exposure of Interpretable Global and Local Explainers,,,,2025,Article in journal,"sì xai, sì openaccess",TRUE,Gold,,,,,"Francesca Naretto, Anna Monreale, Fosca Giannotti",,Trans. Data Priv.,2,,67--93,,,"1,5"
,136,CG2024bb,TRUE,FALSE,Causality-Aware Local Interpretable Model-Agnostic Explanations,"A main drawback of eXplainable Artificial Intelligence (XAI) approaches is the feature independence assumption, hindering the study of potential variable dependencies. This leads to approximating black box behaviors by analyzing the effects on randomly generated feature values that may rarely occur in the original samples. This paper addresses this issue by integrating causal knowledge in an XAI method to enhance transparency and enable users to assess the quality of the generated explanations. Specifically, we propose a novel extension to a widely used local and model-agnostic explainer, which encodes explicit causal relationships within the data surrounding the instance being explained. Extensive experiments show that our approach overcomes the original method in terms of faithfully replicating the black-box model’s mechanism and the consistency and reliability of the generated explanations.",https://doi.org/10.1007/978-3-031-63800-8_6,10.1007/978-3-031-63800-8_6,2024,Publication in conference,"ack no, OA no",FALSE,NO,,,Series Title: Communications in Computer and Information Science,Springer Nature Switzerland,"Martina Cinquini, Riccardo Guidotti",,Explainable Artificial Intelligence,2025-02-07,Cham,108--124,,,"1,2"
,137,BSG2025,TRUE,FALSE,Multivariate Asynchronous Shapelets for Imbalanced Car Crash Predictions,"Real-time vehicle safety and performance monitoring through crash data recorders is transforming mobility-related businesses. In this work, we collaborate with Generali Italia to improve their in-development automatic decision-making system, designed to assist operators in handling customer car crashes. Currently, Generali uses a deep learning model that can accurately alert operators of potential crashes, but its black-box nature can hinder the operator’s trustworthiness in the model. Given these limitations, we propose MARS, an interpretable shapelet-based classifier using novel multivariate asynchronous shapelets. We show that MARS can handle Generali’s highly irregular and imbalanced time series dataset, outperforming state-of-the-art classifiers and anomaly detection algorithms, including Generali’s black-box system. Further, we validate MARS on multivariate datasets from the UEA repository, demonstrating its competitiveness with existing techniques and providing examples of the explanations MARS can produce.",https://doi.org/10.1007/978-3-031-78977-9_10,10.1007/978-3-031-78977-9_10,2025,Publication in conference,"ack no, OA no",FALSE,NO,,,Series Title: Lecture Notes in Computer Science,Springer Nature Switzerland,"Mario Bianchi, Francesco Spinnato, Riccardo Guidotti, Daniele Maccagnola, Antonio Bencini Farina",,Discovery Science,2025-02-07,Cham,150--166,,,1
,138,FGP2025,TRUE,FALSE,This Sounds Like That: Explainable Audio Classification via Prototypical Parts,,https://doi.org/10.1007/978-3-031-78980-9_22,10.1007/978-3-031-78980-9_22,2025,Publication in conference,"ack no, OA no",FALSE,NO,,,Series Title: Lecture Notes in Computer Science,Springer Nature Switzerland,"Andrea Fedele, Riccardo Guidotti, Dino Pedreschi",,Discovery Science,2025-02-07,Cham,348--363,,,1
,139,CSG2025,TRUE,FALSE,Interpretable Machine Learning for Oral Lesion Diagnosis Through Prototypical Instances Identification,"Decision-making processes in healthcare can be highly complex and challenging. Machine Learning tools offer significant potential to assist in these processes. However, many current methodologies rely on complex models that are not easily interpretable by experts. This underscores the need to develop interpretable models that can provide meaningful support in clinical decision-making. When approaching such tasks, humans typically compare the situation at hand to a few key examples and representative cases imprinted in their memory. Using an approach which selects such exemplary cases and grounds its predictions on them could contribute to obtaining high-performing interpretable solutions to such problems. To this end, we evaluate PivotTree, an interpretable prototype selection model, on an oral lesion detection problem. We demonstrate the efficacy of using such method in terms of performance and offer a qualitative and quantitative comparison between exemplary cases and ground-truth prototypes selected by experts.",https://doi.org/10.1007/978-3-031-78980-9_20,10.1007/978-3-031-78980-9_20,2025,Publication in conference,"ack no, OA no",FALSE,NO,,,Series Title: Lecture Notes in Computer Science,Springer Nature Switzerland,"Alessio Cascione, Mattia Setzu, Federico A. Galatolo, Mario G. C. A. Cimino, Riccardo Guidotti",,Discovery Science,2025-02-07,Cham,316--331,,,1
,140,MDG2025,TRUE,FALSE,Relational reasoning networks,,https://doi.org/10.1016,26.56.00,2025,Article in journal,"ack no, ok OA",FALSE,Gold,,,,,"Giuseppe Marra, Michelangelo Diligenti, Francesco Giannini",,Knowledge-Based Systems,,,112822,,,1
,141,GPM2024,TRUE,FALSE,TrajectGuard: A Comprehensive Privacy-Risk Framework for Multiple-Aspects Trajectories,"With the rise of the Internet of Things (IoT), social networks, and mobile devices, vast amounts of mobility data are continuously generated. These data encompass diverse location information from various sources, including smart vehicles, sensors, wearables, and social media platforms. By leveraging these data, we explore the semantic enrichment of trajectory components related to moving objects and locations, bringing the so-called multiple-aspects trajectories and relative privacy issues. Privacy risk analysis is crucial for the earlier detection of privacy problems, particularly when dealing with semantically enriched trajectories. In this study, we introduced the TrajectGuard privacy risk assessment framework. TrajectGuard, an extension of PRUDEnce, achieved significant results by formulating and assessing the privacy risk of multiple-aspects trajectories under several proposed attacks. The framework introduced a nuanced risk evaluation using AspectGuard and conducted fair privacy assessments on anonymized datasets using AnonimoGuard. Its adaptability and versatility make TrajectGuard a valuable tool for preserving data privacy with multiple-aspects.",https://doi.org/10.1109/ACCESS.2024.3462088,10.1109/ACCESS.2024.3462088,2024,Article in journal,ack no,FALSE,Gold,,,,,"Fernanda Oliveira Gomes, Roberto Pellungrini, Anna Monreale, Chiara Renso, Jean Everson Martina",2169-3536,IEEE Access,2024-10-08,,136354--136378,,,5
,143,CMP2024b,TRUE,FALSE,Enhancing Privacy and Utility in Federated Learning: A Hybrid P2P and Server-based Approach with Differential Privacy Protection,"Federated Learning has been recently adopted in several contexts as a solution to train a Machine Learning model while preserving users’ privacy. Even though it avoids data sharing among the users involved in the training, it is common to use it in conjunction with a privacy-preserving technique like DP due to potential privacy issues. Unfortunately, often the application of privacy protection strategies leads to a degradation of the model’s performance. Therefore, in this paper, we propose a framework that allows the training of a collective model through Federated Learning using a hybrid architecture that enables clients to mix within the same learning process collaborations with (semi-)trusted entities and collaboration with untrusted participants. To reach this goal we design and develop a process that exploits both the classic Client-Server and the Peer-to-Peer training mechanism. To evaluate how our methodology could impact the model utility we present an experimental analysis using three popular datasets. Experimental results demonstrate the effectiveness of our approach in reducing, in some cases, up to 32% the model accuracy degradation caused by the use of DP.",https://doi.org/10.5220/0012863600003767,10.5220/0012863600003767,2024,Publication in conference,ack no,FALSE,NO,,,,,"Luca Corbucci, Anna Monreale, Roberto Pellungrini",,,,"Dijon, France",,,,5
,145,LCM2025b,,FALSE,A Note on Methods for Explainable Malware Analysis,,,,2025,Publication in conference,"sì ack xai (non ancora pubblicato, accettato a FOIS2025, sarà in openacees)",TRUE,Gold,,,,,"Cristiano Landi, Alessio Cascione, Marta Marchiori Manerba and Riccardo Guidotti ",,,,,,,,1
,146,JCD2025,,FALSE,DeepProofLog: Efficient Proving in Deep Stochastic Logic Programs,,,,2025,Publication in conference,"sì ack xai (non ancora pubblicato, accettato a AAAI2026, sarà in openacees)",TRUE,Gold,,,,,"Ying Jiao, Rodrigo Castellano Ontiveros, Luc De Raedt, Marco Gori, Francesco Giannini, Michelangelo Diligenti, Giuseppe Marra",,,,,,,,2
,147,PPK2025,,FALSE,Disentangled and Self-Explainable Node Representation Learning,,https://doi.org/10.48550/arXiv.2410.21043,10.48550/arXiv.2410.21043,2025,Article in journal,"si xai, non pubblicato [solo arxiv]",TRUE,,no fee,,,,"Simone Piaggesi, André Panisson, Megha Khosla ",,Transactions on Machine Learning Research,,,,,,1
,148,PGG2025,,FALSE,Explanations Go Linear: Post-hoc Explainability for Tabular Data with Interpretable Meta-Encoding,,ancora non disponibile,,2025,Publication in conference,"si xai, credo openaccess (da controllare) [non ancora pubblicato solo arxiv]",TRUE,Gold,,,,,"Simone Piaggesi, Riccardo Guidotti, Fosca Giannotti, Dino Pedreschi",,2025 IEEE International Conference on Data Mining,,,,,,1
,152,CGG2023,TRUE,FALSE,Handling Missing Values in Local Post-hoc Explainability,"Missing data are quite common in real scenarios when using Artificial Intelligence (AI) systems for decision-making with tabular data and effectively handling them poses a significant challenge for such systems. While some machine learning models used by AI systems can tackle this problem, the existing literature lacks post-hoc explainability approaches able to deal with predictors that encounter missing data. In this paper, we extend a widely used local model-agnostic post-hoc explanation approach that enables explainability in the presence of missing values by incorporating state-of-the-art imputation methods within the explanation process. Since our proposal returns explanations in the form of feature importance, the user will be aware also of the importance of a missing value in a given record for a particular prediction. Extensive experiments show the effectiveness of the proposed method with respect to some baseline solutions relying on traditional data imputation.",https://doi.org/10.1007/978-3-031-44067-0_14,10.1007/978-3-031-44067-0_14,2023,Publication in conference,"ack ok, no OA",TRUE,Gold,,,,,"Martina Cinquini, Fosca Giannotti, Riccardo Guidotti, Andrea Mattei ",,,,,,,,1
,153,LCM2025c,TRUE,FALSE,Implicit Neural Decision Trees,"The revolution involving Machine Learning has transformed data analytics, making algorithms important in decision-making processes across various domains, even in sensitive scenarios. Indeed, traditional clustering algorithms often lack interpretability and exhibit biases, leading to discriminatory practices and opaque decision-making. To overcome these limitations, we introduce FairParTree, a fair and interpretable clustering algorithm that integrates fairness constraints directly into the clustering process, ensuring that the resulting clusters do not disproportionately disadvantage any particular group. By leveraging the structure of decision trees, FairParTree enhances the interpretability of clustering results by providing clear and understandable motivations for cluster assignments through rule-based explanations. We evaluate FairParTree against state-of-the-art competitors. Through extensive experiments, we show that it maintains strong performances w.r.t. fairness, interpretability, and clustering quality across different dataset sizes, thus positioning itself as a competitive, fair, and interpretable clustering algorithm.",https://doi.org/10.1007/978-3-032-08324-1_5,10.1007/978-3-032-08324-1_5,2025,Publication in conference,"ack ok, no OA",TRUE,NO,,,,,"Cristiano Landi, Alessio Cascione, Marta Marchiori Manerba, Riccardo Guidotti ",,,,,,,,1
,162,,TRUE,FALSE,Improving trust and confidence in medical skin lesion diagnosis through explainable deep learning. ,"A key issue in critical contexts such as medical diagnosis is the interpretability of the deep learning models adopted in decision-making systems. Research in eXplainable Artificial Intelligence (XAI) is trying to solve this issue. However, often XAI approaches are only tested on generalist classifier and do not represent realistic problems such as those of medical diagnosis. In this paper, we aim at improving the trust and confidence of users towards automatic AI decision systems in the field of medical skin lesion diagnosis by customizing an existing XAI approach for explaining an AI model able to recognize different types of skin lesions. The explanation is generated through the use of synthetic exemplar and counter-exemplar images of skin lesions and our contribution offers the practitioner a way to highlight the crucial traits responsible for the classification decision. A validation survey with domain experts, beginners, and unskilled people shows that the use of explanations improves trust and confidence in the automatic decision system. Also, an analysis of the latent space adopted by the explainer unveils that some of the most frequent skin lesion classes are distinctly separated. This phenomenon may stem from the intrinsic characteristics of each class and may help resolve common misclassifications made by human experts.", https://doi.org/10.1007/s41060-023-00401-z,10.1007/s41060-023-00401-z,2025,Article in Journal,"già aggiunto, pubblicazione 40",FALSE,,,,"International Journal of Data Science and Analytics 20 (1), 183-195","Int J Data Sci Anal 20, 183–195 (2025).","C Metta, A Beretta, R Guidotti, Y Yin, P Gallinari, S Rinzivillo, F Giannotti",,,,,,,,1
,163,BLF2025,,FALSE,"A Simulation Framework for Studying Systemic Effects of Feedback Loops in Recommender Systems","Recommender systems continuously interact with users, creating feedback loops that shape both individual behavior and collective market dynamics. This paper introduces a simulation framework to model these loops in online retail environments, where recommenders are periodically retrained on evolving user–item interactions. Using the Amazon e-Commerce dataset, we analyze how different recommendation algorithms influence diversity, purchase concentration, and user homogenization over time. Results reveal a systematic trade-off: while the feedback loop increases individual diversity, it simultaneously reduces collective diversity and concentrates demand on a few popular items. Moreover, for some recommender systems, the feedback loop increases user homogenization over time, making user purchase profiles increasingly similar. These findings underscore the need for recommender designs that balance personalization with long-term diversity.",https://doi.org/10.48550/arXiv.2510.14857,10.48550/arXiv.2510.14857,2025,Arxive pre-print,ancora su arxiv perchè under review ,TRUE,,,,arxiv,,"G. Barlacchi, M. Lalli, E. Ferragina, F. Giannotti, L. Pappalardo",,,,,,,,4